,article_title,date
0,'오미크론·보이콧' 속 올림픽...목표는 확 낮춘 15위,2022-01-01
1,2022년은 스포츠의 해 ‘3대 빅이벤트가 온다’,2022-01-01
2,"스켈레톤 정승기, 윤성빈 제치고 첫 동메달",2022-01-01
3,'첫 월드컵 메달' 정승기‥'아이언맨' 윤성빈 추월,2022-01-01
4,올해 스포츠 ‘3대 빅 이벤트’ 향해…태극전사 구슬땀,2022-01-01
5,[신년특집①]도쿄의 영광을 베이징에서…2월 동계올림픽 개막,2022-01-01
6,"스켈레톤 정승기, 월드컵 첫 메달 '감격'…윤성빈 17위",2022-01-01
7,"스켈레톤 정승기, 생애 첫 월드컵 메달 획득",2022-01-01
8,"스켈레톤 기대주 정승기, 생애 첫 월드컵 메달..6차 대회서 3위",2022-01-01
9,"스켈레톤 기대주 정승기, 생애 첫 월드컵 메달 획득",2022-01-01
10,"정승기, 윤성빈 제치고 스켈레톤 첫 월드컵 메달 획득",2022-01-01
11,"스켈레톤 정승기, 6차 월드컵서 생애 첫 메달 획득",2022-01-01
12,"스켈레톤 정승기, 평창 금메달 윤성빈 제쳐…한국 첫 메달",2022-01-01
13,“국민에게 감동 주는 것이 좋은 성적보다 중요한 가치”,2022-01-02
14,힘 못 쓰는 ‘빈’… 합 못 맞춘 ‘종’,2022-01-02
15,"봅슬레이 원윤종팀, 시즌 최고 성적…월드컵 6차 9위",2022-01-02
16,"원윤종-김진수, 시즌 6번째 월드컵서 男 봅슬레이 2인승 9위",2022-01-02
17,"최민정, 이정후, 조규성…2022년 포효할 호랑이띠 스타들",2022-01-02
18,"생애 첫 월드컵 입상 정승기 ""베이징 올림픽 스켈레톤 메달 도전""",2022-01-02
19,"캐나다 ""베이징 동계 올림픽 우려스러워…안전 위험하면 불참도 고려""",2022-01-02
20,[그래픽] 역대 동계올림픽 대한민국 성적,2022-01-02
21,"원윤종-김진수, 봅슬레이 월드컵 6차 대회서 9위",2022-01-02
22,"봅슬레이 2인승 원윤종팀, 월드컵 6차 대회서 9위",2022-01-02
23,"한국의 베이징올림픽 금메달 목표는 1~2개, 일본은 스키 점프 월드컵 남녀 동반석권",2022-01-02
24,"한국 올림픽 선수단, ‘화물기’ 다니는 길로 베이징 가는 이유는?",2022-01-03
25,"한국 메달밭 쇼트트랙, 베이징서 첫 도입되는 혼성 계주",2022-01-03
26,"최민정, 평창의 못 다 이룬 꿈 베이징서 펼쳐라 [니하오, 베이징 ①]",2022-01-03
27,하뉴·클로이 김·최민정···얼어붙은 글로벌축제 달군다,2022-01-03
28,4년 전 평창 은반 주름잡은 피겨 금메달리스트 근황은?,2022-01-03
29,韓 금메달 1~2개 목표…믿을 건 쇼트트랙,2022-01-03
30,"봅슬레이 원윤종팀, 올림픽 앞두고 상승세... 월드컵 시즌 최고 6위",2022-01-03
31,"원윤종팀, 올림픽 앞두고 상승세…월드컵 시즌 최고 6위",2022-01-03
32,"꺼져가던 희망의 불씨, 다시 살려내는 원윤종",2022-01-03
33,"‘준비된 메달리스트’ 정승기, 이제는 베이징올림픽 정조준",2022-01-03
34,"봅슬레이 원윤종팀, 월드컵 6차 대회에서 시즌 최고 성적",2022-01-03
35,올림픽·AG·월드컵 ‘꽉찬 2022년’…베이징이 열린다,2022-01-03
36,러시아 피겨 샛별 발리예바 ‘피겨 여왕’ 등극하나,2022-01-04
37,"韓·中·日, 설상 종목서 아시아 자존심 세울까",2022-01-04
38,'D-30' 베이징동계올림픽도 셀프 메달 시상식?,2022-01-04
39,"'깜짝 세계 1위' 이유빈 ""오뚝이처럼 일어날게요""",2022-01-04
40,베이징 동계올림픽 한 달 앞…빙판·설원 밝힐 별들,2022-01-04
41,"베이징 지난해 대기질 목표 달성…""베이징 올림픽 희소식""",2022-01-04
42,[그래픽뉴스] 베이징 동계올림픽,2022-01-04
43,女컬링 ‘팀 킴’도 오미크론에 막혔다…그랜드슬램 오픈 취소,2022-01-04
44,"'팀 킴' 출전 예정 '컬링 그랜드슬램 오픈', 오미크론 여파로 취소",2022-01-04
45,"'팀 킴 출전' 컬링 그랜드슬램 오픈, 오미크론 여파로 취소",2022-01-04
46,"'팀 킴 출전' 컬링 그랜드슬램 오픈, 오미크론 여파로 취소",2022-01-04
47,[아하 올림픽] 겨울올림픽은 언제 시작됐을까,2022-01-04
48,"얼음 왕자의 3연패냐, 설상 여제의 3연패냐... 베이징을 빛낼 스타는 누구?",2022-01-04
49,베이징 올림픽에서의 스피드스케이팅은?,2022-01-04
50,"빙속 세대 교체, 맡겨주세요 김민석, 정재원, 차민규 [니하오 베이징 ②]",2022-01-04
51,"‘스키 여제’ 시프린, 코로나 회복…월드컵 대회 복귀",2022-01-04
52,[그래픽뉴스] D-30 베이징 동계올림픽 경기 일정,2022-01-04
53,발리예바·하뉴의 초고난도 점프…베이징서 새역사 쓸까,2022-01-04
54,"베이징 올림픽 D-30…韓 태극전사, '금빛 축제' 이끌까",2022-01-04
55,"이상화, 베이징 동계올림픽으로 첫 해설…""실수 없게 준비""",2022-01-04
56,편파판정·코로나도 실력으로 이겨낸다…베이징올림픽 D-30,2022-01-05
57,베이징으로 향하는 태극전사들…목표 이상의 메달 노린다,2022-01-05
58,돌아온 '배추보이' 이상호…베이징 꿈 영근다,2022-01-05
59,'중국 관중 함성' 틀고 맹훈…악재 딛고 구슬땀,2022-01-05
60,"그래도 희망은 쇼트트랙 ""중국 텃세? 분위기? 걱정 마세요""",2022-01-05
61,"다시 ""영미""…'팀 킴', 시련 딛고 올림픽 본선 티켓 획득",2022-01-05
62,"'핀 박고 출전' 김지유 ""기적을 한번 써볼게요""",2022-01-05
63,"겨울올림픽 30일 앞으로‥""쇼트트랙은 역시 한국""",2022-01-05
64,“메달보다 더한 감동”…베이징 동계올림픽 달군다,2022-01-05
65,금메달 목표 낮게 잡았지만… 태극전사들 선전 다짐,2022-01-05
66,[스포츠머그] '금 1~2개가 우리 목표라고요?'…2022 베이징 동계올림픽 '동상이몽 출사표',2022-01-05
67,"'베이징 G-30' 태극전사들 ""금 1∼2개? 자신의 목표가 중요!""",2022-01-05
68,더 단단해졌다… 베이징 29일 앞 ‘팀 코리아’,2022-01-05
69,“예상 금메달 수는 선수에게 의미 없어”,2022-01-05
70,"2022 베이징동계올림픽 G-30 ""그래도 쇼트트랙""",2022-01-05
71,"베이징 올림픽, 금 1∼2개가 목표라고 더 못 따란 법 없죠",2022-01-05
72,"심석희, 끝까지 간다 …국가대표 박탈 ‘징계효력정지 가처분 신청’",2022-01-06
73,"심석희, 결국 법적 대응…‘징계 효력 정지’ 가처분 신청",2022-01-06
74,"심석희, 법적 대응 시작…베이징 갈 수 있을까?",2022-01-06
75,"""베이징 가겠다"" 심석희 '국대 회복' 법적 대응 나서",2022-01-06
76,'자격정지 징계' 심석희‥징계 효력 정지 가처분 신청,2022-01-06
77,분위기 반전 노리는 한국 쇼트트랙 ‘中 텃세’ 이겨낼까 [베이징동계올림픽 D-28],2022-01-06
78,올림픽 출전 막힌 쇼트트랙 심석희 법적 대응 나서,2022-01-06
79,"쇼트트랙 심석희, 법적 대응 나섰다…징계 효력정지 가처분 신청",2022-01-06
80,"'끝없는 논란' 심석희 결국 베이징행 강행. 대표팀 자격정지 가처분 신청, 빙상연맹의 대응은?",2022-01-06
81,"빙상연맹, 심석희 법적 대응에 고심…""징계 결정, 문제없었다""",2022-01-06
82,"법적 대응 나선 심석희, 빙상연맹 징계 무효 가처분 신청",2022-01-06
83,"심석희 올림픽 출전, 법정서 결론난다",2022-01-06
84,"자세 바꾼 쇼트트랙 심석희, 법적 대응…베이징행 포기 않는다(종합)",2022-01-06
85,"'9일 만에 변심?'… 심석희, 징계 무효 가처분 신청",2022-01-06
86,"동료 욕설·비하 논란 심석희, 베이징행 위해 법원 선택",2022-01-06
87,"쇼트트랙 심석희, 빙상연맹 징계 무효 가처분 신청…베이징 갈까",2022-01-06
88,"[영상] 징계 무효 가처분 신청한 심석희 ""올림픽 출전 의지 강하다""",2022-01-06
89,"심석희, 법원에 징계 효력정지 가처분 신청…“올림픽 출전 의지 강해”",2022-01-06
90,"쇼트트랙 심석희, 결국 법적 대응…징계 효력정지 가처분 신청",2022-01-06
91,"심석희 베이징 올림픽 갈까, 결국 법적 대응 '징계 무효 가처분 신청'",2022-01-06
92,"심석희, 베이징 갈 수 있을까…2개월 징계 무효 가처분 신청",2022-01-06
93,"심석희 법적대응, 빙상연맹 징계 무효 가처분 신청",2022-01-06
94,"'피겨 간판' 차준환‧유영, 올림픽이 눈앞…이제 2차 선발전만 남았다",2022-01-06
95,"'올림픽 강한 의지' 심석희, 결국 법적대응...징계정지 가처분 신청",2022-01-06
96,[아하 올림픽] 한국의 첫 겨울올림픽…감독이 선수 대신 뛰기도,2022-01-06
97,"재소 포기한 심석희, 결국 법적 대응 나선다",2022-01-06
98,결국 법적 대응 나선 심석희…법원에 징계 효력정지 가처분 신청,2022-01-06
99,"심석희, 빙상연맹 징계효력 정지 가처분 신청",2022-01-06
100,[별별스포츠 69편] 한국이 딱 한 번 불참했던 올림픽은?…갖가지 이유로 보이콧했던 올림픽,2022-01-06
101,"심석희, 국대 자격 회복 위해 법적 대응…징계정지 가처분 신청",2022-01-06
102,쇼트트랙 심석희 법적 대응…징계 무효 가처분 신청,2022-01-06
103,"쇼트트랙 심석희, 법적대응 나섰다...징계 무효 가처분 신청",2022-01-06
104,"'베이징 티켓 실낱 희망' 쇼트트랙 심석희, 징계 무효 가처분 신청",2022-01-06
105,베이징 하계 이어 동계올림픽 개폐회식도 장이머우 연출,2022-01-07
106,"베이징 동계올림픽 개폐회식도 장이머우 연출…""흥분되고 부담""",2022-01-07
107,‘페이스메이커’ 정재원 베이징에서는 내가 주인공,2022-01-07
108,베이징 하계 이어 동계올림픽 개폐회식도 장이머우 연출,2022-01-07
109,'희생양'에서 '에이스'로…정재원의 '폭풍 성장',2022-01-07
110,'다음 올림픽은 우리가' 은반을 빛낸 피겨 주니어 꿈나무들,2022-01-07
111,'유영·차준환' 윤곽 잡힌 피겨 대표…주말 최종 확정,2022-01-07
112,"“과도한 징계”…심석희, 법적 대응 나선다",2022-01-07
113,페이스메이커 아닌 주인공으로!...매스스타트 메달 노리는 정재원,2022-01-07
114,"[2022 베이징] 최초 하계 올림픽은 1896년, 동계 올림픽은?",2022-01-07
115,"베이징 올림픽 출전하는 정재원, 의정부시청 입단…매스스타트 출전",2022-01-07
116,페이스메이커 아닌 주인공으로!...매스스타트 메달 노리는 정재원,2022-01-07
117,"메달 기댈 곳 쇼트트랙뿐이라고? 설상·썰매·컬링 ""우리도 있다""",2022-01-07
118,올림픽 기대도 물거품…文정부 남은임기 남북관계 반전 '난망',2022-01-07
119,"빙속 정재원, 의정부시청 입단…""올림픽 준비에 최선""",2022-01-07
120,‘스노보드 황제’ 숀 화이트 “코로나19 확진 후 회복 중”,2022-01-07
121,북한 '베이징 동계올림픽 불참' 공식 발표,2022-01-07
122,"빙속 정재원, 의정부시청 입단 ""올림픽 준비 철저히 하겠다""",2022-01-07
123,차준환-유영 등 베이징행 마지막 관문…KB금융 코리아 피겨스케이팅 챔피언십 개최,2022-01-07
124,"빙속 정재원, 의정부시청 입단 ""올림픽 준비 철저히 하겠다""",2022-01-07
125,"北, 베이징올림픽 불참 발표했지만…이미 예견된 상황[베이징올림픽]",2022-01-07
126,"심석희, 명예회복 나서나… 원팀도 어려운데 법적 대응 강행 왜?",2022-01-07
127,"IOC, 베이징동계올림픽 개최 의지 재확인…불참 북한도 지지 “인민 형제”",2022-01-07
128,"'평창 팀추월 銀' 정재원, 의정부시청 빙상단 입단 ...""좋은 팀 합류 기대돼""",2022-01-07
129,"국대 복귀 '가처분 신청' 심석희, 베이징行 가능할까",2022-01-07
130,"“걱정과 달리 분위기 좋다” 쇼트트랙 대표팀, 베이징 올림픽 앞두고 훈련 현장 공개[O! SPORTS]",2022-01-07
131,[그래픽] 베이징 기대주② 빙속 정재원,2022-01-07
132,"‘피겨 전설’ 미셸 콴, 딸 출산 “너무 기뻐 눈물 나”",2022-01-07
133,“과도한 징계” vs “적정했다” 심석희-빙상연맹 법정다툼 향방은,2022-01-07
134,"고바야시, 유럽 포힐스 스키점프 토너먼트 종합 우승",2022-01-07
135,"WHO, 올림픽 앞둔 中방역 긍정 평가 ""전염 위험 증가하지 않을 것""",2022-01-07
136,북한 베이징올림픽 불참…개인 자격 출전도 없어,2022-01-07
137,"스노보드 숀 화이트, 코로나 감염 뒤 회복 “최종 예선 출전 가능”",2022-01-07
138,"북한, 베이징동계올림픽 불참 공식화… ""중국 지지·응원할 것""",2022-01-07
139,"고바야시, 유럽 포힐스 스키점프 토너먼트 종합 우승",2022-01-07
140,中쇼트트랙 15일 국가대표 선발…임효준 주목,2022-01-07
141,베이징올림픽 피겨 국가대표 선발전 7~9일 개최,2022-01-07
142,"심석희, 법적 대응 시작…베이징 갈 수 있을까?",2022-01-07
143,"북한, 베이징올림픽 불참한다…IOC 자격 정지와 코로나19 상황 때문인듯",2022-01-07
144,[베이징 기대주] 페이스 메이커에서 간판선수로…빙속 정재원,2022-01-07
145,"[알고보는 베이징] ⑤ 단순하지만, 짜릿한 기록 스포츠…스피드스케이팅",2022-01-07
146,"피겨 차준환·유영, 2차대회 쇼트 1위 ‘베이징 보인다’",2022-01-08
147,"피겨 차준환·유영, 올림픽 대표 2차 선발전 1위",2022-01-08
148,"‘피겨 왕자’ 차준환, 사실상 베이징행 확정…‘개인 최고점’",2022-01-08
149,"'개인 공인 최고점' 피겨 차준환, 사실상 올림픽 출전권 확보",2022-01-08
150,"유영, 2차 대표 선발전 쇼트 1위…베이징행 전망 밝혔다",2022-01-08
151,차준환의 완벽 고난도 점프…베이징행 사실상 확정,2022-01-08
152,'나란히 1위' 차준환·유영 '베이징 티켓 눈앞',2022-01-08
153,"차준환·유영, 베이징행 보인다…올림픽 2차 선발전 쇼트 1위(종합)",2022-01-08
154,"피겨 차준환·유영, 사실상 올림픽 쿼터 확보…2차대회 쇼트 1위",2022-01-08
155,"차준환‧유영, 올림픽 대표 2차 선발전 쇼트 1위…베이징행 유력(종합)",2022-01-08
156,"女 피겨 유영, 男 차준환과 함께 베이징행 눈앞",2022-01-08
157,"[피겨 올림픽 선발전] '트리플 악셀 성공' 유영, ""연습 때는 성공률 좋았는데…정말 기뻐요""",2022-01-08
158,"피겨 차준환·유영, 사실상 올림픽 쿼터 확보…2차대회 쇼트 1위",2022-01-08
159,"피겨 차준환·유영, 사실상 올림픽 쿼터 확보…2차대회 쇼트 1위(종합)",2022-01-08
160,[피겨 올림픽 선발전] 차준환-유영 베이징 올림픽 출전 예약…최종 선발전 남녀 쇼트 1위(종합),2022-01-08
161,"베이징으로…피겨 차준환, 국가대표 2차 선발전 쇼트 1위",2022-01-08
162,"차준환, 베이징 올림픽 2차 선발전 쇼트 1위… ""사실상 출전 확정""",2022-01-08
163,‘피겨간판’ 차준환 국대 2차 선발전도 1위…2회 연속 올림픽 진출 유력,2022-01-08
164,"男 피겨 간판 차준환, 2회 연속 올림픽 출전 사실상 확정",2022-01-08
165,"'베이징행 보인다' 차준환, 올림픽 2차 선발전 쇼트 1위",2022-01-08
166,"남자 피겨 차준환, 베이징행 티켓 거의 쥐었다…9일 프리스케이팅",2022-01-08
167,"피겨 차준환, 베이징 티켓 사실상 확보..국가대표 선발전 압도적 1위",2022-01-08
168,"차준환, 올림픽 대표 2차 선발전 쇼트 1위…사실상 2연속 올림픽 출전",2022-01-08
169,"피겨 차준환, 2차 선발전 쇼트 1위 ‘베이징 보인다’",2022-01-08
170,"[피겨 올림픽 선발전] '올림픽 2연속 출전 예약' 차준환 ""평창 경험 삼아 베이징 도전""",2022-01-08
171,"피겨 차준환, 사실상 올림픽 출전권 확보…2차 선발전 쇼트 1위",2022-01-08
172,"피겨 차준환, 베이징 올림픽 티켓 눈앞 ···2차 선발전 쇼트 1위",2022-01-08
173,"차준환, 국가대표 2차 선발전 쇼트 1위…올림픽 출전권 사실상 확보",2022-01-08
174,"피겨 차준환, 사실상 올림픽 출전권 확보…2차 선발전 쇼트 1위",2022-01-08
175,"美 피겨에이스 리우 코로나 양성, 올림픽 출전 불발?",2022-01-08
176,[피겨 올림픽 선발전] 차준환 올림픽 최종 선발전 쇼트 1위…베이징행 눈앞,2022-01-08
177,"스켈레톤 윤성빈, 월드컵 6위 올 시즌 개인 최고 성적",2022-01-08
178,"윤성빈, 7차 월드컵서 시즌 최고 6위",2022-01-08
179,"‘아이언맨’ 윤성빈, 월드컵 7차 대회서 6위…시즌 최고 타이",2022-01-08
180,"윤성빈, 월드컵 7차 대회서 6위 [스켈레톤]",2022-01-08
181,"IOC, 북한 동계올림픽 불참에 ""애초부터 출전 못하는 상황""",2022-01-08
182,"'아이언맨' 윤성빈, 월드컵 7차 대회 6위…시즌 최고 성적",2022-01-08
183,"윤성빈, 월드컵 7차서 시즌 최고 6위…정승기 11위",2022-01-08
184,"윤성빈, 월드컵 7차서 시즌 최고 6위…정승기 11위",2022-01-08
185,'과시냐 방역이냐'···올림픽 관중 참가 결정 못한 중국,2022-01-08
186,"'아이언맨' 윤성빈, 월드컵 7차 대회서 시즌 최고 성적 6위",2022-01-08
187,[그래픽] 베이징 동계올림픽 종목 소개 - 쇼트트랙,2022-01-08
188,"정대윤, 프리스타일 스키 월드컵 남자 모굴 33위",2022-01-08
189,"윤성빈, 월드컵 7차서 시즌 최고 6위…정승기 11위",2022-01-08
190,[그래픽] 베이징 기대주③ 쇼트트랙 '에이스' 최민정,2022-01-08
191,[베이징 기대주] 다시 일어난 쇼트트랙 최민정…흔들리지 않는 '에이스',2022-01-08
192,[알고보는 베이징] ⑥ 스피드·전술·신경전까지…'치열한 승부' 쇼트트랙,2022-01-08
193,'無관중이냐? 有관중이냐?' 올림픽 딜레마에 빠진 중국,2022-01-08
194,"심석희 법적 대응과 올림픽, 그리고 케미 [김윤일의 역주행]",2022-01-08
195,"차준환-유영 등 피겨 기대주, 누가 올림픽 무대에 설까",2022-01-08
196,‘이제 시작이다’ 평창 때 다짐… 베이징서 보여줄 것,2022-01-08
197,"윤성빈, IBSF 스켈레톤 월드컵 7차 대회서 6위",2022-01-08
198,"윤성빈, IBSF 스켈레톤 월드컵 7차대회 6위",2022-01-08
199,"유영, ‘트리플 악셀’ 앞세워 베이징행!",2022-01-09
200,"'피겨' 차준환-유영, 베이징 간다…이시형-김예림도 출전권 획득",2022-01-09
201,'피겨 간판' 차준환·유영의 베이징 출사표,2022-01-09
202,"'완벽 4회전 점프' 차준환, 2연속 올림픽 출전",2022-01-09
203,[뉴스1 PICK]차준환·유영 피겨 1위 '베이징으로 가자',2022-01-09
204,"""하루 8시간 빙판서 구슬땀…모든것 보여줄게요""",2022-01-09
205,유영 첫 올림픽 출전 “꿈의 무대 즐기겠다”,2022-01-09
206,유영·김예림·차준환·이시형 ‘베이징 은반’ 선다,2022-01-09
207,"피겨 올림픽 대표 확정‥""후회 없는 연기할래요""",2022-01-09
208,피겨 차준환-유영 2차 선발전 우승 '베이징 티켓 확보' [뉴시스Pic],2022-01-09
209,"화려하게 깔끔하게…유영·차준환, 베이징 향해 점프",2022-01-09
210,"2회 연속 올림픽 출전 차준환 ""후회 없이 할래요""",2022-01-09
211,"'女 피겨 신동에서 간판으로' 유영 ""올림픽, 꼭 실수 않을 것""[베이징올림픽]",2022-01-09
212,"차준환·유영, 베이징서 마음껏 날아라",2022-01-09
213,"올림픽 출전 꿈 이룬 유영 ""실감 나지 않아요""",2022-01-09
214,‘4.5회전 점프’ 올림픽 3연패 도전하는 챔피언,2022-01-09
215,"'생에 첫 올림픽' 피겨 유영 ""클린한 연기로 좋은 인상 남기겠다""",2022-01-09
216,"피겨 차준환-유영, 2차 선발전 우승…베이징 티켓 확보(종합2보)",2022-01-09
217,"[피겨 올림픽 선발전] '첫 올림픽 출전' 유영, ""완벽한 경기로 좋은 인상 남기고 싶어요.""",2022-01-09
218,"베이징올림픽 꿈 이룬 '피겨 요정' 유영 ""꿈꿔온 무대""",2022-01-09
219,"피겨 차준환·유영, 베이징 올림픽 출전 확정 ""더 높은 곳으로""",2022-01-09
220,"'생애 첫 올림픽 출전' 유영 ""꿈꿔왔던 자리…트리플 악셀 만족"" [스경X현장]",2022-01-09
221,싱가포르에서 한국 온지 10년만에… 올림픽 꿈 이룬 유영,2022-01-09
222,"피겨 차준환·유영, 남녀 2차 선발전 우승‥베이징 올림픽 출전",2022-01-09
223,"차준환 2회 연속 올림픽행, 이시형-유영-김예림도 첫 올림픽 기쁨",2022-01-09
224,"유영·김예림, 베이징행 확정",2022-01-09
225,"피겨 차준환·유영, 필살기로 2차 선발전 우승…베이징행 확정(종합2보)",2022-01-09
226,"'피겨 간판' 차준환·유영, 베이징올림픽 출전권 획득",2022-01-09
227,"'피겨 간판' 차준환·유영, 베이징행 확정…이시형, 김예림도 티켓 획득",2022-01-09
228,"피겨 유영·김예림, 생애 첫 올림픽 출전 확정",2022-01-09
229,"'포스트 김연아' 꿈꾸는 피겨 유영, 베이징행 확정[베이징올림픽]",2022-01-09
230,"'피겨 요정' 유영, 생애 첫 올림픽 출전 확정…2차 선발전 우승",2022-01-09
231,"피겨 차준환·유영, 2차 선발전 우승…동반 베이징행 확정(종합)",2022-01-09
232,‘역시 차준환’ 2회 연속 올림픽 무대 밟는다,2022-01-09
233,"'한국 피겨 간판' 차준환-유영, 이변없이 베이징올림픽 출전권 획득",2022-01-09
234,차준환 이어 ‘여자 피겨 간판’ 유영도 베이징행 확정,2022-01-09
235,"피겨 차준환-유영, 2차 선발전 우승…베이징 티켓 확보(종합)",2022-01-09
236,"'피겨 요정' 유영, 생애 첫 올림픽 출전 확정…2차 선발전 우승",2022-01-09
237,[피겨 올림픽 선발전] 남녀싱글 간판 차준환-유영 선발전 우승하며 베이징행(종합),2022-01-09
238,"피겨 차준환, 2회 연속 올림픽 무대 선다",2022-01-09
239,"원윤종ㆍ김진우, 봅슬레이 7차 월드컵 7위",2022-01-09
240,"스노보드 이상호, 월드컵 평행대회전 동메달",2022-01-09
241,"‘베이징행 티켓 획득’ 차준환 “1차 때는 50점, 2차 때는 80점”",2022-01-09
242,"피겨 간판 차준환, 2차 선발전 우승…2회 연속 올림픽 출전",2022-01-09
243,"'2차 선발전 우승' 차준환, 2회 연속 올림픽 출전",2022-01-09
244,베이징 희망 보인다... 상승세 탄 非빙상 종목 선수들,2022-01-09
245,"'함박웃음' 차준환 ""평창 때보다 더 단단해졌다""[베이징올림픽]",2022-01-09
246,Sliding star Jung Seung-gi is ready for high-speed Olympic debut,2022-01-09
247,"'2회 연속 올림픽 출전' 차준환 ""후회 없는 경기를 펼치겠다""",2022-01-09
248,"'남자 피겨 간판' 차준환, 2회 연속 올림픽 무대 선다...선발전 1위 등극",2022-01-09
249,"'피겨 간판' 차준환, 베이징행 확정…2회 연속 올림픽 진출[베이징올림픽]",2022-01-09
250,"'베이징행' 피겨 차준환 ""순위보다는 후회 없는 연기할래요""",2022-01-09
251,"피겨 간판 차준환, 2차 선발전 우승…베이징올림픽 출전권 획득",2022-01-09
252,"두 번째 올림픽 출전하는 차준환 ""후회 없이 할래요""",2022-01-09
253,"‘이번엔 동메달’ 이상호, FIS 월드컵서 또 입상, 올림픽 메달 희망 모락모락",2022-01-09
254,"[피겨 올림픽 선발전] '2연속 올림픽행' 차준환 ""계획한 구성 잘하면 높은 목표도 기대""",2022-01-09
255,올림픽 2회 연속 출격하는 차준환 “후회없는 연기 목표” [스경X현장],2022-01-09
256,"피겨 간판 차준환, 2차 선발전 우승…2회 연속 올림픽 출전(종합)",2022-01-09
257,"‘韓 남자 피겨 간판’ 차준환, 베이징 간다",2022-01-09
258,"스노보드 간판 이상호, 베이징 금메달 보인다",2022-01-09
259,‘배추 보이’ 이상호 스노보드 월드컵 銅… 이젠 올림픽서!,2022-01-09
260,"'베이징 간다!' 男 피겨 차준환, 국가대표 2차 선발전 우승",2022-01-09
261,"'2차 선발전 우승' 차준환, 평창 이어 베이징 올림픽 출전",2022-01-09
262,"남자 피겨 차준환, 2차 선발전 우승…베이징올림픽행",2022-01-09
263,"한국 피겨 간판 차준환, 베이징행 확정…2회 연속 올림픽 출전",2022-01-09
264,"피겨 간판 차준환, 2회 연속 올림픽 진출…2차 선발전 우승",2022-01-09
265,"아역배우서 피겨 간판으로…차준환, 첫 올림픽 톱10 기록 쓸까",2022-01-09
266,Kim Min-seok looks to build on PyeongChang success in Beijing,2022-01-09
267,"이상호, 스노보드 월드컵 동메달…베이징 전망 '파란불'",2022-01-09
268,"피겨 간판 차준환, 2차 선발전 우승…베이징올림픽 출전권 획득",2022-01-09
269,"[피겨 올림픽 선발전] '4회전 점프 축포' 차준환, 베이징행…2연속 올림픽 출전",2022-01-09
270,평창 이어 베이징까지… 차준환 2차 선발전도 우승,2022-01-09
271,"'배추 보이' 이상호, 스노보드 월드컵 銅 획득…시즌 종합 1위 질주",2022-01-09
272,"스노보드 이상호, 월드컵 평행대회전 동메달",2022-01-09
273,"동메달 추가한 배추보이, 베이징 전망 더 밝혔다",2022-01-09
274,"'점프 머신' 네이선 첸, 베이징행 확정…하뉴와 맞대결",2022-01-10
275,"4회전 점프 5번…남자 피겨, 더 돌고 더 뛰어야 웃는다",2022-01-10
276,시프린 vs 블로바… 뜨거운 ‘스키 여제’ 경쟁,2022-01-10
277,첸 4회전 5종 세트 vs 하뉴 첫 4.5회전 ‘베이징 대결’,2022-01-10
278,[스포츠머그] '연아 키즈'에서 '피겨 간판'으로…인생 절반을 바친(?) 유영의 올림픽 도전기,2022-01-10
279,‘점프 머신’ vs ‘얼음 왕자’… 은반의 황제는 나야!,2022-01-10
280,"크로스컨트리 전설 이채원의 마지막 도전 ""갈 데까지 가보겠다""",2022-01-10
281,"남자 피겨 네이선 첸, 베이징행…하뉴와 '세기의 대결' 기대",2022-01-10
282,[그래픽] 베이징 기대주④ 크로스컨트리 전설 이채원,2022-01-10
283,"“나라에서 보내준 평창, 우리 힘으로 가는 베이징” 컬링 국대 팀 킴의 동기부여",2022-01-10
284,'2위라도 괜찮아' 피겨 이시형과 김예림의 값진 땀방울 [베이징올림픽],2022-01-10
285,"마침내 올림픽 가는 유영, 존재감 뽐낼 최고의 기회 잡았다",2022-01-10
286,"'동메달' 스노보드 이상호, 시즌 네 번째 월드컵 메달",2022-01-10
287,"'4회전 점프 마스터' 네이선 첸, 전미선수권대회 우승…'나와라 하뉴'",2022-01-10
288,[스포츠타임] 피겨 최종 4인 확정… 베이징으로 향하는 '연아키즈',2022-01-10
289,"남자 봅슬레이 4인승 원윤종 팀, 월드컵 7차 14위",2022-01-10
290,Lee Sang-ho wins fourth medal of season at Scuol World Cup,2022-01-10
291,"""클린하게"" 남녀 피겨 간판들이 베이징서 이루고픈 것",2022-01-10
292,"Cha, Lee, You and Kim to figure skate for Korea in Beijing",2022-01-10
293,한국 피겨 유영·차준환만 있다? 김예림·이시형도 있다!,2022-01-10
294,"‘점프 머신’ 네이선 첸, 美 피겨선수권 6연패… 올림픽 티켓 땄다",2022-01-10
295,[그래픽] 베이징 동계올림픽 종목 소개 - 크로스컨트리 스키,2022-01-10
296,"미국 피겨 간판 네이선 첸, 자국 대회 우승…하뉴와 올림픽 우승 경쟁",2022-01-10
297,"블로바, 월드컵 회전 종목서 시즌 5승째 수확…종합 1위 시프린 맹추격",2022-01-10
298,"[THINK ENGLISH] 한국, 베이징 올림픽에서 ‘금메달 1~2개 목표’",2022-01-10
299,"'점프 괴물' 첸, 베이징행 사실상 확정…하뉴와 金 경쟁",2022-01-10
300,베이징 올림픽 티켓 따내고 눈시울 붉힌 김예림,2022-01-10
301,"스웨덴 ""베이징올림픽에 정부대표단 안 보내…보이콧 아냐""",2022-01-11
302,주력 종목은 아니지만… 이채원·박제언 ‘아름다운 도전’,2022-01-11
303,"정동현, 베이징동계올림픽 알파인 스키 선발전 우승",2022-01-11
304,"‘이게 뭐지’ 하고 지나갔던 평창… 이게 진짜지, 새 에이스의 위용",2022-01-11
305,12년 전 연아 퀸처럼…꿈의 무대로 향하는 유영·김예림,2022-01-11
306,베이징에서 처음 열리는 7개 경기는…무얼 보이콧하나 [Q&A],2022-01-11
307,"'베이징 가겠다' 심석희, 법원서 빙상연맹과 충돌…12일 심문 쟁점은",2022-01-11
308,"'亞 알파인 스키 최강' 정동현, 4회 연속 올림픽 보인다",2022-01-11
309,"독일반도핑기구, 올림픽 출전 선수들에 ""중국산 육류 먹지 말라""",2022-01-11
310,"독일반도핑기구, 올림픽 출전 선수들에 ""중국산 육류 먹지 말라""",2022-01-11
311,[그래픽] 베이징 기대주⑤ 노르딕복합 이채원,2022-01-11
312,독일 반도핑기구 “베이징올림픽서 중국산 고기 먹지 말아야”,2022-01-11
313,4대륙대회서 최종 점걸 나설 피겨 4총사…열흘 자가 격리 면제,2022-01-11
314,"美 올림픽위원장 ""베이징 보이콧, 근본 해결책 아니다""",2022-01-11
315,"중국, 베이징올림픽 선수·방문객에 디지털위안화 서비스 개방",2022-01-11
316,"'천재 스노보더' 클로이 김, 美 대표팀 승선…2연속 올림픽 우승 도전",2022-01-11
317,"중국산 육류 섭취 자제”…독일 반도핑기구, 베이징 올림픽 참가자에 권고",2022-01-11
318,[베이징 기대주] 한국 노르딕복합의 개척자 박제언,2022-01-11
319,[알고보는 베이징] ⑨ 스키점프와 크로스컨트리 결합한 노르딕 복합,2022-01-11
320,[알면 재밌는 동계종목②] 곡선을 이겨야 웃는다…'총성없는 전쟁' 쇼트트랙,2022-01-11
321,[베이징 확대경②] 6번째 올림픽 크로스컨트리 이채원…전설들의 '라스트 댄스',2022-01-11
322,"점프머신 네이선 첸, 베이징행 티켓 땄다",2022-01-11
323,"홀린다, 하뉴 연기력… 떨린다, 첸의 점프력",2022-01-11
324,"알파인스키 간판 정동현, 베이징 동계올림픽 선발전 회전경기 우승",2022-01-12
325,"문대통령 ""통합, 거꾸로 가 걱정""…베이징올림픽은 불참으로",2022-01-12
326,하뉴 유즈루 vs 네이선 첸… 피겨 남자 싱글 ‘진검승부’ 가린다,2022-01-12
327,스키 여제의 눈물…코로나 딛고 '최다승 신기록',2022-01-12
328,‘배추보이’ 이상호 랭킹 1위 굳히고 베이징 향하나,2022-01-12
329,"법정공방 심석희 ""2차 가해"" vs 연맹 ""징계 타당""",2022-01-12
330,베이징 올림픽 개회식 인원 5분의 1로…문 대통령도 불참,2022-01-12
331,내가 먼저 돌아버리겠어…‘스키 여제’ vs ‘신흥 챔프’,2022-01-12
332,"심석희 측 “빙상연맹 이중징계”…베이징행, 다음주 결론날듯",2022-01-12
333,"정동현, 베이징동계올림픽 선발전 회전 경기 우승",2022-01-12
334,"'자격 정지 2개월' 심석희 측 ""이중징계 부당"" vs 빙상연맹 ""문제없어""",2022-01-12
335,"피겨 차준환-유영, 베이징행 최종 확정…경기력향상위 결정",2022-01-12
336,"심석희 측, 법정 공방 ""징계 시효 지나…자격정지는 이중 징계""",2022-01-12
337,심석희 “부당한 이중징계” vs빙상연맹 “문제없는 징계”…올림픽 출전 놓고 법정 공방,2022-01-12
338,법원에 나선 심석희 측 '국가대표 정지 징계는 이중 징계',2022-01-12
339,올림픽 3회 연속 ‘겨울 왕관’ 노리는 스키 최강자,2022-01-12
340,"심석희-빙상연맹 법정공방 '팽팽', ""이중 징계 부당"" vs ""징계 사유 맞다""",2022-01-12
341,"'심석희 징계 무효 가처분' 심문기일…""징계권 남용"" vs ""징계 사유""",2022-01-12
342,[2022베이징] 동계올림픽 '첫 메달'의 주인공은?,2022-01-12
343,"‘올림픽 가겠다’ 심석희, 빙상연맹과 치열한 법정 공방",2022-01-12
344,빙상연맹과 법정공방…심석희 측 “부당한 징계”,2022-01-12
345,"심석희 측 ""사적 메시지 불법 유출, 징계사유 아냐"" 빙상연맹과 법적 공방",2022-01-12
346,"4년전 이승훈의 조력자였던 정재원, 이제는 빙속 1인자",2022-01-13
347,네덜란드 남녀 빙속 전설 ‘유종의 미’ 거둘까,2022-01-13
348,김연아 키즈 ‘유영-김예림’ “최고의 순간은 올림픽에서!”,2022-01-13
349,베이징을 빛낼 기대주 <6> 프리스타일 하프파이프 장유진,2022-01-13
350,"[영상] 시원한 설원의 곡예…로라 필, 스키 월드컵 우승",2022-01-13
351,"애증의 '트리플 악셀'…""통증 참고 뛰어요""",2022-01-13
352,"[스포츠타임]'연아 언니' 기운으로 베이징행 김예림, 꿈꾸는 '무결점 연기'",2022-01-13
353,"빙속 정재원, 종합선수권대회 남자 5,000ｍ · 500ｍ 우승",2022-01-13
354,"선발전 떨어진 스피드스케이팅 세계 1위, 동료 덕에 기사회생",2022-01-13
355,"대표팀 ‘막내 에이스’ 정재원, 종합선수권대회 남자 5000m·500m 우승",2022-01-13
356,"빙속 기대주 정재원, 종합선수권대회 5000m·500m 우승",2022-01-13
357,"빙속 기대주 정재원, 종합선수권 남자 5000m·500m 1위",2022-01-13
358,"빙속 기대주 정재원, 종합선수권대회 남자 5,000ｍ·500ｍ 우승",2022-01-13
359,"Cha, Kim win first 500-meter races at National Sprint Speed Championship",2022-01-13
360,"""베이징올림픽 중국 유니폼, 신장서 나온 면화로 만든다""(종합)",2022-01-13
361,"제2의 이상화 떴다, 김민선 대회 신기록",2022-01-13
362,"영국·네덜란드, 대표팀에 '임시폰' 지급…해킹 우려까지, 베이징올림픽 첩첩산중",2022-01-13
363,Team Kim returns to Olympics ready to do it all over again,2022-01-13
364,"[영상] 쇼트트랙 대표팀, 20일 심석희 가처분 결과에 달렸다",2022-01-13
365,"영국·네덜란드, 올림픽 대표팀에 임시폰 지급…""해킹 위험""",2022-01-13
366,'빙신'까지 제친 정재원…올림픽 메달 꿈 밝힌다,2022-01-14
367,‘주연’에서 ‘조연’된 이승훈 “후배와 함께 후회없는 레이스”,2022-01-14
368,"정재원, 스피드스케이팅 대회 종합 4관왕... 김민선도 방긋",2022-01-14
369,"[오늘, 이 장면] '무결점 연기'로 꿈의 90.45",2022-01-14
370,"[핫클립] 정동현·강영서, 베이징행 확정 '설원의 질주'",2022-01-14
371,"'김연아의 기운 받아' 김예림·이시형 ""우리도 베이징에서 멋지게!""",2022-01-14
372,경이로운 발리예바…8번째 '세계신기록',2022-01-14
373,"정재원, 종합 스피드스케이팅 선수권 우승",2022-01-14
374,"빙속 차세대 간판 정재원, 이승훈 제치고 종합선수권 우승",2022-01-14
375,'차원이 다른' 발리예바‥'나올 때마다 신기록',2022-01-14
376,'평창 페이스메이커' 정재원‥'이젠 내가 에이스',2022-01-14
377,"'알파인 스키' 정동현, 베이징행 확정 '4회 연속 올림픽 출전권 획득'",2022-01-14
378,"빙속 차세대 간판 정재원, 이승훈 제치고 종합선수권 우승",2022-01-14
379,"빙속 '뉴 에이스' 정재원, 이승훈 제치고 종합선수권 우승",2022-01-14
380,"정재원, 이승훈 제치고 스피드스케이팅선수권 우승",2022-01-14
381,"빙속 차세대 간판 정재원, 이승훈 제치고 종합선수권 우승",2022-01-14
382,"'제2의 이상화' 김민선 ""베이징 동계올림픽 목표? 당연히 메달 획득'",2022-01-14
383,"러시아 피겨 발리예바, 세계 최초 쇼트 90점 돌파",2022-01-14
384,"평창의 아쉬움 삼킨 차민규·김민선 ""베이징에서 꼭 메달 획득""",2022-01-14
385,"4번째 올림픽 도전하는 이승훈 ""덤덤해…성적 부담 적은 건 사실""",2022-01-14
386,올림픽 개막 앞두고 베이징도 오미크론 유입…방역 '빨간불',2022-01-15
387,노메달로 시즌 마감…베이징행은 확정,2022-01-15
388,'세계 1위'로 베이징 간다…'2연속 메달' 정조준,2022-01-15
389,"'스노보드' 이상호-정해림, 월드컵 혼성 평행 대회전서 동메달 획득",2022-01-15
390,'시즌 1위' 스노보드 이상호 '금빛 질주 준비 끝',2022-01-15
391,"이상호·정해림, 스노보드 월드컵 혼성 평행대회전 동메달",2022-01-15
392,"이상호·정해림, 스노보드 월드컵 혼성 평행대회전 동메달 획득",2022-01-15
393,"이상호 · 정해림, 스노보드 월드컵 혼성 평행대회전 동메달 획득",2022-01-15
394,"이상호·정해림, 스노보드 월드컵 혼성 평행대회전 동메달 획득",2022-01-15
395,"한국 알파인 스키 정동현, 개인 4회 동계올림픽 출전 확정",2022-01-15
396,"'아이언맨' 윤성빈, 월드컵 8차대회 10위…입상 무산",2022-01-15
397,"‘배추보이’ 이상호, 스노보드 월드컵 대회전서 9위",2022-01-15
398,"이상호, 스노보드 월드컵 평행 대회전 9위 차지",2022-01-15
399,"‘배추보이’ 이상호, 스노보드 월드컵 대회전서 9위 ‘종합 1위’",2022-01-15
400,"'배추보이' 이상호, 월드컵 평행 대회전 9위…종합 1위 사수",2022-01-15
401,"윤성빈, 스켈레톤 월드컵 8차 대회 10위…정승기-김지수 13-14위",2022-01-15
402,"'배추보이' 이상호, 스노보드 월드컵 평행 대회전 9위",2022-01-15
403,"살아나지 못한 아이언맨…윤성빈, 마지막 월드컵도 10위",2022-01-15
404,"윤성빈, 월드컵 8차대회서 10위 [스켈레톤]",2022-01-15
405,"‘아이언맨’ 스켈레톤 윤성빈, 월드컵 8차대회 10위",2022-01-15
406,"발리예바, 엉덩방아 찧고도…가볍게 우승",2022-01-16
407,중력 5배·시속 150㎞ 견디는 자 왕좌 오른다,2022-01-16
408,처음엔 죽겠구나 싶던 썰매…이젠 첫 메달 꿈꾸며 잠들죠,2022-01-16
409,‘역시! 클로이 김’ 스노보드 월드컵 정상,2022-01-16
410,"‘알파인 스키 간판’ 부산 강영서, 베이징행",2022-01-16
411,발리예바 등 러시아 女피겨 유럽선수권 금-은-동 싹쓸이,2022-01-16
412,"클로이 김, 스노보드 월드컵 우승",2022-01-16
413,"‘기록 제조기’ 피겨 발리예바, 유럽선수권 우승",2022-01-16
414,"이상호 시즌 랭킹 1위로 올림픽행, 단체전 첫 메달도 수확",2022-01-16
415,"[베이징, 주목! 이 선수] 은반 위 기록 제조기, 발리예바",2022-01-16
416,"코로나19로 한국에 머물렀던 피겨 간판들, 베이징은 홀로서기",2022-01-16
417,"베이징올림픽, 사실상 무관중?…'특정 그룹'에만 티켓 배포 ",2022-01-17
418,"베이징올림픽, 코로나 우려로 일반에 티켓 판매 안하기로",2022-01-17
419,"베이징올림픽, 코로나 우려로 일반에 티켓 판매 안하기로(종합)",2022-01-17
420,“차준환이 감동을 줬다” 이 한마디 듣고 싶어요,2022-01-17
421,"베이징올림픽 티켓, 코로나 우려로 일반에 판매 안하기로",2022-01-17
422,29위 → 우승…설원 위의 '어부지리' 역전쇼,2022-01-17
423,"피겨 차준환‧유영, 4대륙 출전 위해 에스토니아 출국",2022-01-17
424,"김유란·김은지·프리쉐, 첫 메달 도전 ‘아름다운 질주’",2022-01-17
425,[스포츠머그] 넘어지고도 손쉽게 우승?…러시아 '기록 제조기' 발리예바의 연기 수준,2022-01-17
426,꿈 깨진 쇼트트랙 심석희 “피해 받은 분들께 죄송”,2022-01-18
427,"여자 컬링 ‘팀 킴’, 베이징에선 “영미!” 대신 “초희!”",2022-01-18
428,"심석희, ‘가처분 기각’ 베이징행 좌절",2022-01-18
429,"'올림픽 출전 불발' 심석희 ""피해받은 모든 분께 사과""",2022-01-18
430,"심석희, 베이징행 무산…가처분 신청 기각",2022-01-18
431,"'동료 비방 파문' 심석희, 결국 베이징 무대 못 선다",2022-01-18
432,쿨러닝은 계속된다…자메이카 사상 첫 올림픽 스키 출전,2022-01-18
433,"쇼트트랙 심석희, 베이징 올림픽 출전 결국 무산",2022-01-18
434,"심석희, 3회 연속 올림픽 출전 불발…법원 가처분 신청 기각",2022-01-18
435,"'올림픽 출전 무산' 심석희 ""피해 받은 모든 분께 죄송하다""",2022-01-18
436,金 최다 13개… 날아오르면 ‘화보’,2022-01-18
437,"베이징행 끝내 좌절…심석희 ""결과 겸허히 받아들여""",2022-01-18
438,"쇼트트랙 심석희, 베이징행 결국 불발",2022-01-18
439,"자메이카 ‘올림픽 쿨 러닝’, 이번엔 알파인 스키",2022-01-18
440,"'쿨러닝' 자메이카, 알파인 스키 · 봅슬레이에 동계올림픽 출전",2022-01-18
441,"'올림픽 출전 불발' 심석희 ""결과 받아들여…피해받은 모든 분께 사과""",2022-01-18
442,"심석희, 베이징 올림픽 못 간다…“피해 받은 모든 분께 죄송”",2022-01-18
443,최강자→미투→동료비하…올림픽행 좌절된 심석희,2022-01-18
444,"심석희 베이징행 끝내 불발…법원, 가처분 신청 기각",2022-01-18
445,"한국 루지대표팀, 베이징 동계올림픽 전종목 출전권 획득",2022-01-18
446,"‘신기록 제조기’ 발리예바, 베이징서도 새역사 쓰나",2022-01-19
447,'올림픽 보름 앞두고'…베이징서 오미크론 2명 추가 확진,2022-01-19
448,"베이징에선 못 날지만…""4년 뒤 7번째 올림픽 도전""",2022-01-19
449,심석희·임효준…올림픽 앞두고 고개 숙인 평창 영웅들,2022-01-19
450,올림픽 쇼트트랙 대표팀 최종 확정…'부상 여파' 김지유 결국 제외,2022-01-20
451,"알파인스키 정동현, FIS컵 회장배 2관왕 등극",2022-01-20
452,쇼트트랙 대표팀 확정…“전력약화? 원팀으로 도전!”,2022-01-20
453,"최민정·이유빈·김아랑, 개인전 출전…김지유 올림픽 불발",2022-01-20
454,베이징도 다시 뜨겁게! SBS 명품 해설진과 함께하세요,2022-01-20
455,"""딸 같은 팀킴…며느리와 맞대결 승리할 것""",2022-01-20
456,"차준환의 승부수는 '힘과 춤'…""예감이 좋아요""",2022-01-20
457,"빙상연맹, 심석희 제외한 올림픽 쇼트트랙 대표팀 최종 확정",2022-01-20
458,"최민정, 이유빈 등 올림픽 쇼트트랙 대표 팀 최종 확정",2022-01-20
459,"美 NBC, 올림픽 해설진 中 현지에 파견 않기로 [베이징 D-15]",2022-01-20
460,"‘미국 스키의 별’ 에일린 구, 중국 대표를 선택한 이유",2022-01-20
461,쇼트트랙 대표팀 명단 최종 확정…최민정과 함께 베이징 갈 선수는 누구,2022-01-20
462,"쇼트트랙 김지유, 부상으로 베이징행 무산…이유빈 개인전 출전",2022-01-20
463,"빙상연맹, 올림픽 쇼트트랙 대표팀 최종 확정…김지유 제외",2022-01-20
464,선발전 3위 김지유도 탈락… 쇼트트랙 올림픽 명단 확정,2022-01-20
465,"빙상연맹, 올림픽 쇼트트랙 대표팀 최종 확정…김지유 제외",2022-01-20
466,심장병 이긴 ‘강심장’… 점프! 마지막 대관식,2022-01-20
467,하계 올림픽서 첫 출발… 스케이트 날 부위 따라 토·에지 점프 구분,2022-01-20
468,미 NBC 중계팀 베이징 파견 안 해,2022-01-20
469,“온실가스 배출 계속되면 삿포로만 올림픽 재개최 가능”,2022-01-20
470,"ISU ""한국은 쇼트트랙 강국, 평창 영웅 최민정이 앞장설 것"" [베이징 D-15]",2022-01-20
471,"'4연속 올림픽 출전' 정동현, FIS 컵 회전 우승…대회 2관왕",2022-01-20
472,"정동현, FIS컵 알파인 스키 남자 회전 우승…베이징에서 4번째 올림픽 도전",2022-01-20
473,아직도 나와? 베이징 가는 쇼트트랙 전설 샤를 아믈랭,2022-01-20
474,"미 의회, 베이징올림픽 앞두고 'IOC 면세' 박탈 추진",2022-01-20
475,"'4회 연속 올림픽 출전' 정동현, FIS컵 2관왕 쾌거",2022-01-20
476,"미국 NBC, ""베이징에 중계팀 파견 없다""…코로나19 영향",2022-01-20
477,"정동현, FIS컵 회장배 알파인스키 남자 회전 우승 '대회 2관왕'",2022-01-20
478,"미국 NBC, 베이징에 올림픽 중계팀 파견 안 한다…미국서만 중계",2022-01-20
479,"ISU, 베이징 올림픽 앞두고 최민정 조명…""한국 영광 위해 앞장설 선수""",2022-01-20
480,"코로나19가 바꾼 올림픽… 美 NBC, ‘중계진 파견 안한다’",2022-01-20
481,"미국 NBC, 베이징에 올림픽 중계팀 파견 안 한다…미국서 중계",2022-01-20
482,"대한체육회, 베이징동계올림픽 앰부시마케팅 모니터링 진행",2022-01-20
483,"미국 NBC, 베이징에 올림픽 중계팀 파견 안 한다…미국서 중계",2022-01-20
484,"ISU 베이징올림픽 앞두고 한국 피겨 조명…""김연아의 유산""",2022-01-20
485,베이징동계올림픽 참가 선수들 '인권' 얘기하면 처벌받아,2022-01-20
486,"대한체육회, 베이징 올림픽 기간 국가대표 활용한 불법 마케팅 단속",2022-01-20
487,"대한체육회, 베이징올림픽 비후원사 불법 마케팅 집중단속",2022-01-20
488,"대한체육회, 베이징동계올림픽 앰부시마케팅 모니터링 진행",2022-01-20
489,"대한체육회, 베이징 올림픽 선수단 불법 마케팅 활동 집중 단속",2022-01-20
490,"중국, 베이징 올림픽 참가 선수 '인권문제' 발언 처벌 경고",2022-01-20
491,"미국 NBC, 베이징올림픽에 중계진 파견 안 해",2022-01-20
492,베이징올림픽 코로나 앱 보안 문제 심각…선수단 통제 우려까지,2022-01-20
493,"ISU ""최민정, 한국 영광 위해 앞장설 것""…황대헌 등도 조명",2022-01-20
494,"국제빙상연맹 ""김연아가 남긴 유산…한국 피겨선수들이 나선다""",2022-01-20
495,베이징올림픽 참가 선수들 '인권' 문제 공개 거론하면 처벌,2022-01-20
496,"올림픽 개막 앞두고 논란 가열, 오미크론 그리고 해킹",2022-01-20
497,"美 NBC, 베이징올림픽에 중계진 파견 않기로",2022-01-20
498,"중국의 으름장 ""올림픽 선수들 정치적 발언 금지""",2022-01-20
499,"美 NBC, 코로나19 여파로 베이징올림픽 원격 중계",2022-01-20
500,"썰매 월드컵金 김유란, 베이징올림픽 프로필 공개",2022-01-20
501,'스키판 쿨러닝' 자메이카 첫 알파인 올림픽 출전,2022-01-20
502,[2022베이징] 대한민국 동계올림픽 최초의 선수들은?,2022-01-20
503,"피겨 간판 차준환, 베이징 목표는 '후회 안 남기기'[베이징 이 선수⑤]",2022-01-20
504,"종전선언, 항구적인 평화로 가는 길앞에서 두려워하지 말자! [송석록의 생각 한편]",2022-01-20
505,[베이징동계올림픽 종목소개⑥]피겨스케이팅,2022-01-20
506,[알면 재밌는 동계종목⑪] 북유럽 겨울서 살아남으려면…크로스컨트리 스키,2022-01-20
507,‘김연아의 추천곡’ 맞춰 베이징 사로잡으러 간다,2022-01-20
508,[베이징동계올림픽 기대주]더 단단해진 ‘팀 킴' 2회 연속 메달 신화 넘본다,2022-01-20
509,알고 보는 베이징 <2> 컬링,2022-01-20
510,"피겨 차준환, 베이징 메달이 보인다!…4대륙대회 쇼트 1위",2022-01-21
511,컬링 ‘팀킴’ 강릉서 올림픽 출정식…“역사 쓸 것”,2022-01-21
512,"캐나다, 스노보드 대표팀 명단 발표 ""역대 가장 강한 팀""",2022-01-21
513,"세부 사항 부족한 올림픽 '플레이북'… ""격리 시설 위치도 없다""",2022-01-21
514,[피겨 4대륙] '최고점' 차준환 4회전 점프 성공하며 쇼트 1위…프리에서 첫 우승 도전,2022-01-21
515,"'2연속 올림픽 메달 도전' 팀 킴의 이번 주문은 ""초희~""",2022-01-21
516,"'트리플 악셀' 삐끗…유영, 쇼트 4위로 출발",2022-01-21
517,박태환의 금빛 기운 받아…'팀킴의 역사' 쓰겠다,2022-01-21
518,"베이징선 영미 대신 ""초희!""…메달 도전 나선 팀킴",2022-01-21
519,'영미 영미' 팀킴‥베이징올림픽은 '초희 초희',2022-01-21
520,"4년 전 ‘영미’ 열풍, 베이징에선 ‘초희’가 잇는다",2022-01-21
521,"피겨 스케이팅 점프 높이와 비거리, 오메가 기술로 확인한다",2022-01-21
522,컬링 ‘팀킴’ 강릉서 올림픽 출정식…“역사 새로 쓸 것”,2022-01-21
523,[스포츠머그] 연기 후 '침묵의 퇴장'…'피겨 간판' 유영이 4대륙 선수권에서 표정이 사라진 이유,2022-01-21
524,"베이징 올림픽 성화 '세계문화유산 2곳' 통과한다, 깜짝 봉송자 등장 예고 [베이징 D-14]",2022-01-21
525,"아프리카TV, '2022 베이징 동계 올림픽' 생중계",2022-01-21
526,"'영미' 대신 '초희'...팀 킴 ""2회 연속 메달 도전!""",2022-01-21
527,"""2연속 올림픽 출전 영광""... 컬링 대표팀 '팀킴'의 의지",2022-01-21
528,"발리예바 '쿼드러플 점프' 비밀, 오메가 기술로 밝힌다",2022-01-21
529,박태환이 金 땄던 그곳서…팀킴이 일낸다,2022-01-21
530,"[종합] 여자컬링 '팀 킴' ""운명의 한일전 넘어 2연속 메달 따겠다""",2022-01-21
531,"어게인 평창! 컬링 팀 킴 ""'박태환 金 경기장' 좋은 기운 받을게요""",2022-01-21
532,"더 강해진 '팀 킴’, 2연속 올림픽 메달 사냥 나선다[O! SPORTS]",2022-01-21
533,"[영상] '팀 킴' ""박태환 경기장에서 새 역사 쓰겠다""",2022-01-21
534,오메가 기술로 피겨퀸의 점프 비밀 밝힌다,2022-01-21
535,베이징올림픽에서 피겨 점프 높이·채공시간까지 측정,2022-01-21
536,"산전수전 다 겪은 만큼 더 강해진 '팀 킴', 2연속 올림픽 메달 정조준[종합]",2022-01-21
537,"'쿼드러플 점프' 발리예바의 비밀, 오메가 기술이 밝힌다",2022-01-21
538,"14년 전 '박태환 金' 수영장→컬링장으로...팀킴 ""새역사 쓰인 곳에서 우리도 좋은 기운""[오!쎈강릉]",2022-01-21
539,"베이징올림픽 10명 중 3명만 ""관심""…평창 때보다 절반 이하 '뚝'",2022-01-21
540,"'팀 킴' 맏언니가 막내에게…""네 생각을 말해줘""",2022-01-21
541,"""베이징올림픽 관심있다"" 32% 불과…평창 직전엔 71%",2022-01-21
542,두번째 올림픽 메달 사냥 나서는 여자 컬링 '팀 킴' [뉴시스Pic],2022-01-21
543,"최종 리허설 취소에 현지 적응도 못하는 팀 킴 ""긍정적으로 준비 중""",2022-01-21
544,더 정밀해진 올림픽…피겨 점프 높이까지 알 수 있어요,2022-01-21
545,"14년 전 박태환의 금빛 기운, 팀 킴이 받는다",2022-01-21
546,"""김연아의 유산"" ISU, 韓 피겨 유영·차준환 집중 조명 [베이징 D-14]",2022-01-21
547,"""매경기 집중"" 박태환이 金 수확한 경기장에 '팀 킴'이 뜬다",2022-01-21
548,베이징 전초전 4대륙대회 쇼트 김예림 3위·유영 4위…이해인 2위,2022-01-21
549,베이징 동계올림픽 국민 32%만 관심..4년 전 평창 때보다 절반 이하,2022-01-21
550,"컬링 팀 킴 ""열심히 달렸다, 준비한 만큼 보여줄 것""",2022-01-21
551,"'日'에 2번이나 무너졌던 '팀 킴' ""특정팀 의식하진 않지만... 베이징서 이기겠다""[오!쎈강릉]",2022-01-21
552,"'팀 킴' ""'박태환의 금메달' 경기장에서 새로운 역사 쓰겠다""",2022-01-21
553,"""영미~"" 부르던 안경언니 김은정 ""이번엔 선수 이름 골고루 부르겠다""[오!쎈강릉]",2022-01-21
554,"러시아, 발리예바 등 피겨 올림픽 대표 공식 발표…'역대급 드림 팀'",2022-01-21
555,"""베이징올림픽 관심 있다"" 32% 불과…4년 전 평창땐 71%",2022-01-21
556,"'러시아 김연아' 점프 높이까지 측정, 베이징올림픽에 신기술 3개",2022-01-21
557,"대한체육회, 베이징동계올림픽 앰부시마케팅 모니터링 진행",2022-01-21
558,"피겨 이해인, 4대륙대회 쇼트 프로그램 2위…김예림 3위·유영 4위",2022-01-21
559,"피겨 이해인, 4대륙대회 쇼트 2위‥김예림 3위·유영 4위",2022-01-21
560,"이해인, 4대륙 피겨 쇼트 2위..김해인 3위·유영 4위",2022-01-21
561,"‘세계랭킹 1위’ 많이 큰 이유빈, 심석희 공백 덮나",2022-01-21
562,"베이징 출전 김예림, 유 영 제친 이해인. 4대륙 여자피겨 쇼트프로그램 2위",2022-01-21
563,"한국 여자 피겨, 4대륙 선수권 2·3·4위 석권",2022-01-21
564,"올림픽 쇼트트랙 대표팀 확정…심석희는 '징계', '선발 3위' 김지유는 부상 제외",2022-01-21
565,"""베이징올림픽 파견 美선수단 100% 접종 완료""- 주치의",2022-01-21
566,"'논란' 심석희-'부상' 김지유 빠진 女 쇼트트랙, 올림픽 대표팀 명단 확정",2022-01-21
567,"피겨 이해인, 4대륙선수권 쇼트 부문 2위... 유영 4위",2022-01-21
568,"피겨 이해인, 4대륙대회 쇼트 2위…김예림 3위·유영 4위",2022-01-21
569,"피겨 이해인, 4대륙 선수권 쇼트 2위…김예림·유영 3,4위 나란히 상위권",2022-01-21
570,"이해인, 4대륙 선수권 쇼트 2위… 국가대표 선발전 아쉬움 달래",2022-01-21
571,"피겨 이해인, 4대륙대회 쇼트 2위…김예림 3위·유영 4위(종합)",2022-01-21
572,"쇼트트랙 대표팀 확정, 부상 김지유 제외",2022-01-21
573,베이징 올림픽에서는 피겨 스케이팅 점프 높이까지 측정한다,2022-01-21
574,"올림픽 쇼트트랙 대표팀 확정…'선발 3위' 김지유, 부상으로 제외",2022-01-21
575,"이해인, 4대륙 쇼트 2위…‘베이징행’ 김예림·유영은 3,4위",2022-01-21
576,"이해인, 4대륙대회 쇼트 2위…유영, 4위",2022-01-21
577,빙상연맹 쇼트트랙 대표팀 최종 확정…김지유 제외,2022-01-21
578,中 국적 올림픽 출전하는 '스키 스타' 향한 美의 불편한 시선,2022-01-21
579,"차준환의 승부수는 '힘과 춤'…""예감이 좋아요""",2022-01-21
580,"이해인, 시즌 최고점 2위…""메달 보인다""",2022-01-21
581,1위 심석희·3위 김지유 빠진 대표팀 명단 확정...이유빈 기대↑,2022-01-21
582,"봅슬레이 원윤종 팀, 평창 영광 다시 한 번[베이징 이 선수⑥]",2022-01-21
583,"[베이징 올림픽-놓치면 안 될 명승부⓵] 팀 킴 VS 팀 후지사와, 한일전 '퀸스 갬빗' 누가 될까",2022-01-21
584,온갖 시련 딛고 다시 선 ‘팀 킴’ 올림픽 2연속 메달 획득 도전,2022-01-21
585,[베이징동계올림픽 종목소개⑦]봅슬레이,2022-01-21
586,"[베이징 확대경⑫] '얼음 공주' 최민정, 세계 1위 슐팅 넘고 '최강' 지킬까",2022-01-21
587,[알면 재밌는 동계종목⑫] '무한도전'과 '쿨러닝'으로 다가온 봅슬레이의 모든 것,2022-01-21
588,"[피겨 4대륙] 쇼트 2위 이해인, ""첫 출전한 4대륙, 긴장했지만 잘 마무리해 기뻐요.""",2022-01-21
589,"쇼트트랙 황대헌, ‘퍼펙트게임’처럼 나와의 싸움 즐겨요",2022-01-21
590,"올림픽 놓친 피겨 이해인, 4대륙선수권 준우승…김예림은 동메달",2022-01-22
591,"올림픽 놓친 피겨 이해인, 4대륙선수권 준우승…김예림은 동메달",2022-01-22
592,"‘4대륙 피겨’ 이해인 은메달, 김예림 동메달",2022-01-22
593,"[피겨 4대륙] '올림픽 한풀이' 이해인, 최고점 기록하며 銀 획득…김예림은 銅",2022-01-22
594,"中도 초미의 관심 ""심석희 올림픽 탈락, 그래도 한국은 쇼트트랙 강호"" [베이징 D-13]",2022-01-22
595,차준환 쇼트 1위…개인 최고 98.96점,2022-01-22
596,차준환 '4회전 점프' 클린…올림픽 전초전서 최고점,2022-01-22
597,"‘피겨 4대륙’ 이해인·김예림·유영, 오늘 저녁 프리 나서",2022-01-22
598,피겨 부문서 동계올림픽 첫 '제3의 성' 선수 출전,2022-01-22
599,"[베이징 NOW] 김보름 ""이제 즐기며 탈래요""…스피드스케이팅, 베이징에서 웃을까?",2022-01-22
600,사상 최대의 '버블'... 中 동계올림픽 방역 계획은? [베이징 D-13],2022-01-22
601,"동계올림픽 첫 '제3의 성' 선수…""로미오와 줄리엣은 이제 그만""",2022-01-22
602,'갑질 피해-코로나19 탓' 없는 '팀 킴'...긍정 힘 믿으며 베이징간다[오!쎈강릉],2022-01-22
603,"한국 알파인스키 '간판스타' 정동현, FIS 컵·회장배 2관왕",2022-01-22
604,이젠 '초희!' 팀 킴…'박태환 금빛 기운' 이어받는다,2022-01-22
605,'팀 킴' 여자컬링… 베이징서 일본 '또' 넘는다,2022-01-22
606,"[베이징 NOW] '날치기'가 메달색 바꾼다…쇼트트랙, 스피드와 몸싸움 집합체",2022-01-22
607,[베이징 NOW] 0.001초 승부…'아찔과 짜릿의 콜라보' 봅슬레이·스켈레톤,2022-01-22
608,코로나19에 맞서는 팀 킴의 묘책 '훈련장의 베이징화',2022-01-22
609,"'연아 키즈'에서 '피겨 간판'으로…유영, 꿈의 무대 선다[베이징 이 선수⑦]",2022-01-22
610,[베이징동계올림픽 종목소개⑧]바이애슬론,2022-01-22
611,"[알면 재밌는 동계종목⑬] 아직은 남자만의 종목, '스키의 왕' 노르딕 복합",2022-01-22
612,"예선서 일본에 2번 패한 여자 컬링… ""베이징서는 우리가 이긴다""",2022-01-22
613,[베이징 확대경⑬] '내 사전에 한계란 없다'…최초에 도전하는 스타들,2022-01-22
614,"명실상부한 쇼트트랙 '에이스' 황대헌, 부담감 뒤로하고 금메달 '정조준'[베이징 오!쎈 시선②]",2022-01-22
615,"[피겨 4대륙] 쇼트 1위 차준환 ""팬과 관중들에게 좋은 에너지 주는 것이 목표""",2022-01-22
616,'선수인생 피날레' 향한 곽윤기의 마지막 도전 [베이징 오!쎈 시선①],2022-01-22
617,휠체어 컬링 ‘뉴 오벤저스’ “기대해도 좋습니다”,2022-01-22
618,"배추보이, 189㎝ 보드로 자유자재 기술 구사",2022-01-22
619,"피겨 차준환, 4대륙 대회 우승…韓 남자 싱글 첫 메달 수확",2022-01-23
620,"새 역사 남긴 차준환 ""올림픽 향한 중요한 걸음…자신감 얻었다""",2022-01-23
621,"'올림픽 출전 무산' 쇼트트랙 김지유 ""일방적 박탈, 너무 원통하다""",2022-01-23
622,"[피겨] 차준환, 김연아 이후 첫 쾌거…한국 남자 싱글 최초 금메달",2022-01-23
623,"피겨 차준환, 4대륙 선수권 우승···한국 남자 싱글 첫 메달",2022-01-23
624,베이징 올림픽 관련 입국자 1월에만 39명 확진,2022-01-23
625,"차준환, 사상 첫 4대륙선수권 우승 쾌거…베이징올림픽 청신호",2022-01-23
626,"차준환, 피겨 4대륙선수권 금메달 쾌거 ‘韓 남자싱글 최초’",2022-01-23
627,"피겨 차준환, 4대륙 선수권 우승‥한국 남자 선수 최초",2022-01-23
628,"차준환, 한국 남자 피겨 사상 첫 4대륙선수권 우승",2022-01-23
629,"피겨 차준환, 4대륙대회 우승…한국 남자 싱글 첫 메달 쾌거",2022-01-23
630,"피겨 차준환, 한국 남자 싱글 첫 금메달",2022-01-23
631,"피겨 차준환, 4대륙대회 우승…한국 남자 싱글 첫 메달 쾌거",2022-01-23
632,"[피겨 4대륙] 차준환, 韓 남자 피겨 사상 4대륙선수권 첫 우승 쾌거",2022-01-23
633,"누워서 시속 145㎞…견뎌라, 체중6배 압력",2022-01-23
634,"베이징올림픽 유은혜 참석 가능성 부상…靑 ""아직 미정""",2022-01-23
635,평창 2관왕 최민정·세계 랭킹 1위 이유빈 ‘金 후보’,2022-01-23
636,"[베이징 NOW] 스피드스케이팅 金 영웅…""트랙에서 작별하는 것이 자연스럽다""",2022-01-23
637,"‘베이징행 무산’ 쇼트트랙 김지유 “출전권 일방적 박탈, 속상해”",2022-01-23
638,또 너희냐… 라이벌 日 만난 팀 킴 ‘어게인 평창’,2022-01-23
639,‘베이징동계올림픽’ 강원도 선수 10종목 27명 출전,2022-01-24
640,"크럼프턴의 스켈레톤, 28년만에 나오는 아메리칸 사모아",2022-01-24
641,베이징동계패럴림픽…휠체어컬링팀 애칭은 ‘장윤정고백’,2022-01-24
642,"황희 문체부 장관, 정부 대표로 동계올림픽 참석",2022-01-25
643,올림픽 결단식 참석자 중 코로나19 양성반응…선수단 전원 PCR 검사,2022-01-25
644,"시진핑, 바흐 IOC위원장 만나…14개월만에 외빈과 대면",2022-01-25
645,베이징 올림픽 결단식에 코로나 확진자 다녀가...참석자 PCR 검사,2022-01-25
646,도쿄 영광은 베이징에서도 그대로…“코리아 팀 파이팅!”,2022-01-25
647,베이징올림픽 이제 열흘 앞으로…“감동의 승부 다짐”,2022-01-25
648,"‘지금이 어떤 시대인데…’ 中정부, 베이징올림픽 선수단 개인휴대폰 사용금지",2022-01-26
649,"베이징에서도 ‘쿨 러닝’, 편견에 도전하는 자메이카 대표팀",2022-01-26
650,프리쉐의 남다른 한국 사랑 ‘태극기 네일아트’,2022-01-26
651,'올림픽 티켓' 양보한 뒤…행운의 '추가 티켓',2022-01-26
652,"윤성빈의 고백 ""메달 힘들어""…정승기가 희망",2022-01-26
653,체육회 확진자 3명으로‥선수단은 전원 음성,2022-01-26
654,"선배가 부럽던 평창 막내들…""베이징올림픽에선 주연""",2022-01-26
655,'확진 직원' 진천선수촌 근무했다…불안한 선수들,2022-01-26
656,"‘배추 보이’ 이상호, 금메달 1순위 후보",2022-01-26
657,[스포츠머그] 영혼을 갈아 넣었다?…직장인에게 바치는 '피겨 선수' 토모노의 이색 갈라쇼,2022-01-26
658,"아찔한 속도, 짜릿한 묘기… 설원의 서커스",2022-01-26
659,"'손톱에도 태극마크' 프리쉐, 3년 재활에도 한국 잔류 이유는..",2022-01-26
660,"[아하 올림픽] 여름, 겨울 계절 타지 않는 메달 사냥꾼들",2022-01-26
661,"스켈레톤 기대주 정승기 ""베이징에서 메달 욕심 내보겠습니다""",2022-01-26
662,"스켈레톤 기대주 정승기 ""베이징에서 욕심 한 번 내보겠습니다""",2022-01-26
663,"`아이언맨` 윤성빈 ""지금 성적으론 베이징 메달 어렵다""",2022-01-26
664,윤홍근 빙상연맹 회장 통큰 포상…베이징올림픽 금 획득시 '1억',2022-01-26
665,"윤성빈 ""이번 시즌 부진, 그저 내가 못했기 때문""",2022-01-26
666,"""최선의 결과 내는 것이 선수의 몫""... '영혼의 단짝' 잃은 한국 썰매 맏형의 출사표",2022-01-26
667,"[스포츠타임]슬럼프 빠진 '아이언맨' 윤성빈, 베이징에서 다시 날아오를까",2022-01-26
668,깜짝 사고 치는 막내… 다시 영광 쓰는 형님,2022-01-26
669,"결단식 참석한 베이징올림픽 대표 선수단, 전원 음성 판정",2022-01-26
670,올림픽 결단식 참가 선수 및 지도자 전원 음성 '천만다행',2022-01-26
671,"빙상연맹, 올림픽 금메달 포상금 1억원…역대 최고액",2022-01-26
672,전원 코로나 음성…한숨 돌린 태극전사들,2022-01-26
673,"이 기세 베이징까지…빙속 정재원, 종별종합 3,000ｍ 1위 질주",2022-01-27
674,"빙속 정재원, 종별종합 선수권대회 3,000ｍ 1위…이승훈 2위",2022-01-27
675,"엄마가 된 '안경 선배'…""가족의 힘으로 도전""",2022-01-27
676,진천선수촌에 또 '확진자'…하계 종목 '퇴촌',2022-01-27
677,[베이징 D-8] 스키 불모지에서 멈추지 않는 설원의 도전,2022-01-27
678,2회 연속 올림픽 출전하는 귀화 3인방의 ‘특별한 도전’,2022-01-27
679,"14년 전 박태환의 ‘금빛 추억’ 위에서…“도전, 팀킴”",2022-01-27
680,"티베트 출신 선수 2명, 중국 대표로 동계올림픽에 사상 첫 출전",2022-01-27
681,진천선수촌서 체육회 직원 추가 확진…국가대표 조기 퇴촌 권고,2022-01-27
682,스노보드 이상호 “하던대로 하면 금메달”,2022-01-28
683,"신무기 적응 완료…""금빛 설 선물 기대하세요""",2022-01-28
684,"4㎝ 길어진 보드에 적응 끝…배추보이 ""베이징선 금""",2022-01-28
685,"'배추보이' 이상호 ""이번 설 선물은 금메달!""",2022-01-28
686,"""감옥 같은 환경"" 더 엄격해진 올림픽 방역 대책 [베이징 D-7]",2022-01-28
687,"대한체육회, 2022 베이징 동계 올림픽 '온라인 코리아하우스' 개관",2022-01-28
688,빙속 정재원·박지우 종별종합 선수권대회 우승,2022-01-28
689,"배추보이 이상호, 평창 기념재단 '플레이윈터' 홍보대사 임명",2022-01-28
690,"곽윤기·김민선, 베이징올림픽 개회식 기수 선정",2022-01-28
691,"스노보드 이상호 ""새 보드에 완벽 적응…이번엔 금메달""",2022-01-28
692,"대한체육회, 2022 베이징동계 올림픽 온라인 코리아하우스 개관",2022-01-28
693,[영상] 베이징도 ‘폭망올림픽’? 각종 리스크에 떠는 시진핑,2022-01-28
694,[베이징 현장] 코로나에 눌린 '두 축제'…춘제 직전 기차역 한산,2022-01-28
695,"스노보드 알파인 봉민호 감독 ""한국 선수 '결승 대결' 목표""",2022-01-28
696,"대한체육회, 베이징동계올림픽 급식지원센터 운영",2022-01-28
697,"대한체육회,베이징동계올림픽 '온라인' 코리아하우스 오픈",2022-01-28
698,"곽윤기·김민선, 올림픽 개회식 한국 기수...주장은 원윤종·김은정",2022-01-28
699,"대한체육회, 베이징동계올림픽 급식지원센터 운영",2022-01-28
700,"대한체육회, 포탈사이트 네이버 통해 베이징동계올림픽 온라인 코리아하우스 개관",2022-01-28
701,"중국, 베이징동계올림픽 개막식 참석 정상 명단 공개",2022-01-28
702,중화 타이베이→중국 타이베이... 中 호칭 문제에 폭발한 대만 [베이징 D-6],2022-01-29
703,해설 데뷔 앞둔 이상화 “고다이라 꼭 안아주고 싶어요”,2022-01-29
704,"'중국 귀화' 임효준 ""중국이 좋다, 많은 메달 획득할 수 있도록 노력""",2022-01-29
705,"'이상호 라이벌' 코시르, 코로나19 확진",2022-01-29
706,이승훈의 '무한도전'…역대 최대 메달 향해,2022-01-29
707,"'중국 귀화' 쇼트트랙 임효준 ""중국 좋다, 앞으로 계속 중국에서 살겠다""",2022-01-29
708,올림픽 개막까지 6일‥'삼엄한 경계 속 베이징',2022-01-29
709,"'중국 귀화' 쇼트트랙 임효준 ""중국이 좋다, 계속 이곳에 살 것""",2022-01-29
710,"‘중국 귀화’ 임효준, SNS 통해 “중국 위해 더 노력할 것”",2022-01-29
711,양궁 이어 쇼트트랙도 첫 ‘혼성 금메달’ 도전,2022-01-29
712,"中매체 ""美, 선수 매수해 올림픽 방해 음모""…美 ""대중 호도""",2022-01-29
713,"'중국 귀화' 쇼트트랙 임효준 ""中 메달 획득 위해 노력할 것""",2022-01-29
714,"'귀화' 임효준 첫 메시지…""중국 위해 더 노력할 것""",2022-01-29
715,"[2022베이징] 대만, 베이징 동계올림픽 개-폐막식 불참 선언",2022-01-29
716,‘중국 귀화’ 임효준 “中사람들 따뜻해서 좋아… 앞으로 중국서 살 것”,2022-01-29
717,"쇼트트랙 임효준, 귀화 후 첫 메시지 ""중국 위해 더 노력할 것""",2022-01-29
718,"""'친환경 올림픽' 내건 중국, 자연보호구역 중심에 스키장 건설""",2022-01-29
719,"쇼트트랙 대표팀, 30일 베이징 입성…""모든 준비는 끝났다""",2022-01-29
720,"2022베이징올림픽 메달리스트, 시상대에서 마스크 벗는다",2022-01-29
721,[베이징올림픽] 내일 출국 쇼트트랙 금 2 딸까,2022-01-29
722,[알아야 재밌다] 스피드스케이팅,2022-01-29
723,"슬로베니아 스노보드 선수, 베이징 도착 후 코로나 양성 반응",2022-01-29
724,"심석희 빠진 쇼트트랙 대표팀, 30일 베이징 입성",2022-01-29
725,"베이징 올림픽 선수들, 시상식에서는 마스크 벗는다 [베이징 D-6]",2022-01-29
726,베이징서 20명 코로나 감염...20년 6월 이후 가장 많아,2022-01-30
727,‘방호복’ 황대헌…쇼트트랙 대표팀 까다로운 방역 절차 거치고 베이징 입성,2022-01-30
728,골판지 비웃는 '스마트 침대'…선수들 대만족,2022-01-30
729,"'한국 쇼트트랙' 베이징 입성…""죽기 살기로""",2022-01-30
730,"""금빛 질주 기대하세요""…쇼트트랙 대표팀 베이징 입성",2022-01-30
731,도쿄와 차별화‥로봇 음식 배달 등 코로나가 만든 풍경,2022-01-30
732,"쇼트트랙 대표팀, 결전지 베이징 입성…31일 훈련 돌입",2022-01-30
733,"[올림픽] 쇼트트랙 대표팀, 베이징 입성",2022-01-30
734,"쇼트트랙 대표팀, 결전지 베이징 입성‥'코로나 전원 음성'",2022-01-30
735,"도쿄는 잊어라, 골판지 침대와 대비되는 베이징 스마트 침대 공개",2022-01-30
736,"쇼트트랙 대표팀, 30일 베이징 도착 金사냥 돌입 [베이징동계올림픽]",2022-01-30
737,격리 해제까지 2시간…도쿄보다 빨라졌지만 엄격히 통제하는 베이징,2022-01-30
738,[올림픽] 클로이 김·하뉴 등 조직위 선정 슈퍼스타 10명,2022-01-30
739,"알파인 스키 김소희, 베이징올림픽 출전 티켓 추가 확보",2022-01-30
740,"[올림픽] 쇼트트랙 대표팀, 베이징 입성…""코로나 검사 전원 음성""(종합)",2022-01-30
741,"中매체 ""美 선수들, 베이징 올림픽 침대는 세계 최고 극찬"" [베이징 D-5]",2022-01-30
742,"알파인스키 김소희, 베이징 간다…극적으로 출전권 확보",2022-01-30
743,알파인 스키 김소희 3회 연속 올림픽 출전,2022-01-30
744,"쇼트트랙‧루지 대표팀, 결전지 베이징 도착…31일부터 실전 훈련(종합)",2022-01-30
745,"알파인 스키 김소희, 극적으로 베이징올림픽 티켓 확보",2022-01-30
746,"알파인스키 김소희, 베이징올림픽 추가 합류…한국 선수 총 64명",2022-01-30
747,"알파인 스키 김소희, 베이징행 티켓 획득… 한국 총 64명 출전",2022-01-30
748,"2월 5일 쇼트트랙서 첫 금 기대…한국, 금메달 2개 목표 넘을까",2022-01-30
749,쇼트트랙 대표팀 출국… 베이징서 '금빛 레이스' 기대,2022-01-30
750,"쇼트트랙 대표팀, 베이징으로 출국…기다려 올림픽!",2022-01-30
751,혼란 딛고 메달 정조준... 한국 쇼트트랙 대표팀 30일 출국,2022-01-30
752,"알파인 스키 김소희, 베이징올림픽 추가 합류",2022-01-30
753,"알파인 스키 김소희, 베이징행 막차…한국 선수 총 64명 출전",2022-01-30
754,"올림픽 쇼트트랙대표팀, '결전의 땅' 베이징으로 출국",2022-01-30
755,"[올림픽] 대보름에 태어난 김보름, 대회 기간 생일…아픔 치유할까",2022-01-30
756,"[올림픽] 알파인 스키 김소희, 베이징행 막차…한국 선수 총 64명 출전",2022-01-30
757,[ROAD TO BEIJING] Curling,2022-01-30
758,쇼트트랙 대표팀 30일 베이징行 “금빛 질주 다짐”,2022-01-30
759,"'韓 국적 상실한 천재' 임효준 ""中 위해 메달 따겠다""",2022-01-30
760,[올림픽] 베이징 대회 출전 성 소수자 선수 32명…평창의 2배 이상,2022-01-30
761,한국 선수단 개회식 여성 기수 김민선에서 김아랑으로 [스경X현장],2022-01-31
762,한국 선수단 개회식 여성 기수 교체…김민선→김아랑,2022-01-31
763,"김아랑, 김민선 대신 한국 선수단 개회식 여성 기수로 나선다",2022-01-31
764,"한국 개회식 여성 기수, 김민선→김아랑 변경",2022-01-31
765,[올림픽] 한국 선수단 개회식 여성 기수 김민선→김아랑 교체,2022-01-31
766,베이징올림픽 개회식 기수 교체…김민선 대신 김아랑이 나선다,2022-01-31
767,"[베이징올림픽] 개막전 기수 변경, 곽윤기 김민선→곽윤기 김아랑 변경",2022-01-31
768,올림픽 관련 확진자 사흘간 107명…베이징 조직위 전전긍긍,2022-01-31
769,‘중국 사령탑’ 김선태 감독의 한국 분석…쇼트트랙 훈련 첫날부터 정보전,2022-01-31
770,명절 잊은 굵은 땀방울…쇼트트랙 대표팀 '금빛 질주' 다짐,2022-01-31
771,베이징올림픽 관계자 확진 1주 새 176명…도쿄보다 많다,2022-01-31
772,베이징올림픽 개회식 리허설 공개…청소년이 95%,2022-01-31
773,한국선수단 본진 베이징 입성…금빛 신화 다짐,2022-01-31
774,올림픽 선수단 본진 베이징 입성…한글로 “복 많이 받으세요”,2022-01-31
775,"쇼트트랙 첫 담금질 시작‥""적응 문제 없어요!""",2022-01-31
776,베이징 동계올림픽 선수단 본진 중국 입국,2022-01-31
777,"[베이징 LIVE] 베이징올림픽 '코로나 제로' 정책, 베이징 서우두 공항 활주로 옆에서 받은 선수단 수화물",2022-01-31
778,‘보여주겠다’ 쇼트트랙 대표팀 현지 훈련...김선태·안현수 중국 지도,2022-01-31
779,[르포]베이징 동계올림픽 '폐쇄 루프' 실감…2시간만에 격리 해제,2022-01-31
780,"중국 쇼트트랙, 훈련 취소…'베이징 입성' 한국 의식하나",2022-01-31
781,불운에 울었던 황대헌의 자신감 “믿고 지켜봐주세요” [스경X현장],2022-02-01
782,"[올림픽] 루지 싱글 임남규·프리쉐, 첫 트랙 훈련 순조…""코스 쉬워져""",2022-02-01
783,"""한국, 쇼트트랙+스노보드서 金 4개"" AP통신 전망 [베이징 D-3]",2022-02-01
784,"韓 선수단 '얼굴' 된 쇼트트랙 김아랑 ""영광스러운 자리 될 것""[베이징올림픽]",2022-02-01
785,"[올림픽] 한국, AP 통신 메달 전망서 금 4개로 종합 13위",2022-02-01
786,"'세계 최강' 한국 쇼트트랙, 설날에도 현지 적응 구슬땀[베이징2022]",2022-02-01
787,[올림픽] 베이징·장자커우·옌칭서 2∼4일 성화 봉송,2022-02-01
788,"[뉴스1PICK]안현수, 중국 쇼트트랙 대표팀과 '金을 향한 질주'",2022-02-01
789,"세 번째 올림픽 김아랑 ""많은 분들에게 감동 주는 대회 만들겠다""",2022-02-01
790,"눈시울 붉힌 김아랑 ""흔들리지 않고 끝까지 최선 다할 것""",2022-02-01
791,"쇼트트랙 황대헌 ""어제랑 빙질이 달라…유연하게 대처할 것""",2022-02-01
792,베이징에 드리운 코로나19 그림자...이탈리아 NOC 회장도 확진,2022-02-01
793,"[올림픽] 눈물 흘린 김아랑 ""많은 힘든 일…마지막엔 웃고 싶어""",2022-02-01
794,"이틀 만에 훈련 공개한 중국 쇼트트랙…안현수 코치, 또 뛰었다",2022-02-01
795,"[베이징 인터뷰] 쇼트트랙 간판, 개막식 기수 김아랑 ""그동안 힘든 일 많았다. 오히려 훈련에 집중할 수 있었다""",2022-02-01
796,"[베이징 인터뷰] 남자 쇼트 간판 황대헌 ""중국의 분석과 견제? 그렇게 신경쓰이지 않는다""",2022-02-01
797,"'점프머신' 네이선 첸 ""평창의 악몽, 깨끗하게 지웠다""",2022-02-01
798,경기장 수용 규모 33∼50% 정도 관중 입장할 듯,2022-02-01
799,훈련 재개한 중국 쇼트트랙…안현수 코치가 진두지휘[베이징2022],2022-02-01
800,"빙속 '깜짝 메달' 김민석, 4년 전과 다른 자신감",2022-02-01
801,"[베이징 LIVE] 中 쇼트트랙 안현수 김선태 코칭스태프 '정보차단용' 인터뷰 패싱, 자국 언론도 ""이유 모른다""",2022-02-01
802,"[베이징 NOW]안현수 가운데 두고…한국-중국 쇼트트랙, 어색한 빙판 조우",2022-02-01
803,"중국 쇼트트랙 지도하는 안현수, 훈련 이끈 뒤에는 한국대표팀 관찰",2022-02-01
804,"[올림픽] 이틀 만에 훈련 공개한 중국 쇼트트랙…안현수 코치, 또 뛰었다",2022-02-01
805,베이징 새 얼음판 적응 중…‘얼음 리본’의 질주 기대하세요,2022-02-01
806,"베이징서 '설 맞이'…""새해 복 많이 받으세요""",2022-02-01
807,"신설 종목 '혼성 계주'…""첫 금은 우리가""",2022-02-01
808,기대가 부담스럽다고? 응원에 힘난다는 스케이터 김민석,2022-02-01
809,코로나로 합동 차례 생략‥'출전 불발'도 속출,2022-02-01
810,볶음밥 한 끼에 6만 원? '올림픽 풍문' 진원지를 찾아라![베이징 레터],2022-02-01
811,[베이징 NOW]우리가 차준환에게 기대를 걸듯…中은 진보양만 '오매불망',2022-02-01
812,"한국 빙상 메달밭 500m 김준호 ""완벽한 레이스 목표""",2022-02-01
813,"AP통신의 예측 ""스노보드 이상호, 쇼트트랙 황대헌·이유빈 금메달""[베이징2022]",2022-02-01
814,"[올림픽] NHL 전설 첼리오스 아들, 중국 귀화선수로 출전",2022-02-01
815,"[올림픽] '점프머신' 네이선 첸 ""평창의 악몽, 깨끗하게 지웠다""",2022-02-01
816,"빙속 김민석 ""4년 전 평창보다 기량 성장…메달 1개 이상 목표""",2022-02-01
817,"김민석, 베이징 빙판 체크 완료 ""마음에 든다""[베이징올림픽]",2022-02-01
818,"'편파판정→1년 자격정지' 중국인 심판, 베이징서 복귀 [베이징 D-3]",2022-02-01
819,"김민석의 자신감 ""4년 전보다 좋아졌어요""[베이징2022]",2022-02-01
820,[베이징올림픽] 3연속 공식훈련 불참. 결국 등장한 中 쇼트트랙 철저한 정보차단 '007 작전',2022-02-01
821,"베이징에서 맞은 설날…태극전사, 세뱃돈에 함박웃음",2022-02-01
822,"양양 선수위원장, 올림픽 참가 선수들 ‘입조심’ 경고",2022-02-01
823,"올림픽 불참 북한 ""中 수준높은 준비 내 일처럼 기뻐…성공기원""",2022-02-01
824,"로봇이 일할테니, 접촉은 최소화 하세요[베이징2022]",2022-02-01
825,[베이징올림픽] 유관중 가능해졌다. IOC 베이징 동계올림픽 관중 입장 허용 방침,2022-02-01
826,"[베이징올림픽] '빙속괴물' 김민석 베이징 출사표 ""전 종목 메달 원해. 4년 전보다 더 강해졌다""",2022-02-01
827,[올림픽] 경기장 수용 규모 33∼50% 정도 관중 입장할 듯,2022-02-01
828,"빙속대표팀 첫 훈련…""빙질 좋아, 강릉과 비슷""[베이징2022]",2022-02-01
829,중국에서 막힌 유튜브…올림픽 기자들은 봅니다,2022-02-01
830,"베이징 올림픽 메달 후보들, 잇따라 코로나 확진",2022-02-01
831,"[올림픽] '빙속 괴물' 김민석, 훈련 개시 ""내 기량, 4년 전보다 좋아졌다""",2022-02-01
832,"[베이징올림픽] '편파판정의 서막?' 중국 퇴출위기 피겨 심판, 베이징 올림픽 극적 복귀 논란",2022-02-01
833,[올림픽] 대회 관련자 확진 24명 늘어…누적 200명,2022-02-01
834,"[베이징올림픽] 첫 빙질 점검, 스피드 스케이팅 삼총사 ""빙질 예상보다 괜찮다."" 김민석 1500m 메달 청신호",2022-02-01
835,"대만 선수단, 베이징올림픽 개·폐막식 참석한다",2022-02-01
836,"빙속 대표팀 김민석‧김준호‧박성현, 베이징서 첫 훈련…빙질 점검",2022-02-01
837,안전 또 안전…베이징올림픽 선수촌 모습은?,2022-02-01
838,"베이징동계올림픽 대한민국 선수단, 설날 차례",2022-02-01
839,"대만, 베이징 동계올림픽 개·폐막식 참가키로…불참 방향서 선회",2022-02-01
840,"중국 위해 편파 판정했던 中 심판, 자국 올림픽 복귀 논란 [베이징올림픽]",2022-02-01
841,"꽁꽁 숨겨라…中 쇼트트랙, 빙상 훈련 3연속 취소",2022-02-01
842,"빙속 강원전사 김준호·박성현, 금빛 향한 첫 현지 훈련",2022-02-01
843,올림픽 개막 앞두고…평창 은메달리스트 트레구보프 코로나19 확진,2022-02-01
844,"평창 스켈레톤 銀 트레구보프, 코로나 확진으로 베이징 출전 불발",2022-02-01
845,개회식 기수 김민선→김아랑 교체…곽윤기는 그대로,2022-02-01
846,발리예바·하뉴·시프린·화이트…베이징 빛낼 별들 [D-3],2022-02-01
847,스키점프 세계 1위 등 올림픽 메달 후보 코로나19 확진,2022-02-01
848,"베이징 동계올림픽 메달 후보, 코로나19로 출전 무산 이어져",2022-02-01
849,"'팀 킴' 꺾고 평창 제패한 스웨덴 컬링, 코로나19 확진 비상[베이징2022]",2022-02-01
850,"대만, 베이징 동계올림픽 개폐회식 참석…사흘 만에 입장 철회",2022-02-01
851,"베이징올림픽 선수단, 설맞이 합동 차례",2022-02-01
852,"대만 선수단, 베이징 올림픽 개·폐회식 참석키로",2022-02-01
853,"평창에서 '팀 킴' 꺾었던 스웨덴 선수, 코로나19 날벼락…""베이징행 불투명""",2022-02-01
854,"편파 판정 징계 받은 중국 피겨 심판, 베이징 올림픽 복귀 논란",2022-02-01
855,"평창 스켈레톤 銀 트레구보프, 코로나19 확진[베이징2022]",2022-02-01
856,1인1실·매일 방역…선수촌도 코로나 원천 차단에 초점[베이징2022],2022-02-01
857,베이징 철저한 '폐쇄 루프' 적용…일반인 접촉 원천봉쇄,2022-02-01
858,징계 받았던 중국심판 복귀 '개최국 텃새' 현실화되나?,2022-02-01
859,"편파 판정 논란으로 징계 받았던 피겨 심판, 베이징 올림픽 복귀 논란",2022-02-01
860,"대만 선수단, 입장 바꿔 베이징 동계올림픽 개·폐회식 참석하기로",2022-02-01
861,"美 데이터 업체 예상…한국, 금메달 2개 수확",2022-02-02
862,"'우주강국 中', 로봇들이 수중에서 성화 봉송 성공",2022-02-02
863,"""끝날 때까지 끝난 게 아니다""…'종합 13위 전망' 뛰어 넘는 각오 다졌다",2022-02-02
864,봅슬레이 원윤종 ‘마의 13번 구간’ 극복하라,2022-02-02
865,"여자 컬링, 박태환의 ‘2008년 좋은 기’ 받는다",2022-02-02
866,"[올림픽] ""한국 썰매 파이팅!"" 옌칭 선수단에도 훈풍",2022-02-02
867,[올림픽] 로봇들이 수중에서 성화 봉송 성공(종합2보),2022-02-02
868,"美 스포츠 데이터 업체 ""한국 금메달 2개로 16위 예상""",2022-02-02
869,"[베이징, 이 선수] 극적 베이징행…박성현이 깜짝 반전을 준비한다",2022-02-02
870,"김연아 ""나 때는 상상도 못 했는데…피겨 기술 엄청나게 진화""",2022-02-02
871,"[올림픽] 쇼트트랙 최민정, 올림픽 정보제공 사이트 첫 화면 장식",2022-02-02
872,"'공동 기수' 곽윤기 · 김아랑…""메달도 함께""",2022-02-02
873,미국 스포츠 데이터 업체 `한국 금메달 2개로 16위 예상...노르웨이 1위`,2022-02-02
874,"김연아 “현 피겨선수들, 내가 선수 뛸 때 상상도 못했던 기술 펼쳐”",2022-02-02
875,"'김연아 스승' 오서 코치, 日 대신 韓 선택... 차준환 지도자로 베이징행",2022-02-02
876,한국인 지도자까지 영입한 中‥'안방서 악연 끊는다',2022-02-02
877,[올림픽] 미국 스포츠 데이터 업체 '한국 금메달 2개로 16위 예상'(종합),2022-02-02
878,"""17년 만 첫 올림픽 태극마크"".. 불굴의 '김 선수'",2022-02-03
879,"[2022베이징] '무패행진 멈춘 중국' 컬링 혼성 예선, 2일차 종료",2022-02-03
880,[영상] ‘이것이 모굴 스키’ 여자 예선 1위는?,2022-02-03
881,"""끝까지 밀어줘야해!"" 韓 쇼트 혼성계주는 달린다 [베이징 현장]",2022-02-03
882,든든한 ‘밥심’으로 메달 사냥 하세요,2022-02-03
883,"한국 쇼트트랙, 혼성 계주 메달 향해 힘차게 훈련 시작 [뉴시스Pic]",2022-02-03
884,올림픽 코로나19 확진 증가 중…코리아는 ‘이상무’,2022-02-03
885,"[하이라이트] 잘나가던 미국 컬링, 노르웨이의 막판 몰아치기에 좌절",2022-02-03
886,‘인공 눈’ 가득한 장자커우…경기력 변수되나?,2022-02-03
887,"“첫 금, 꼭 우리가 터치”…쇼트트랙 혼성계주 ‘초대 챔프’의 꿈",2022-02-03
888,"여자 쇼트트랙 최약체? ‘평창 미소’ 김아랑, 3연속 계주 金 선봉",2022-02-03
889,[스포츠 영상] 베이징 급식지원센터 개시‥'역시 밥심이 최고',2022-02-03
890,쇼트트랙 에이스 최민정-황대헌 “첫 금은 우리가”,2022-02-03
891,"'투혼의 루지' 임남규 ""목발 짚고 따낸 올림픽 티켓""",2022-02-03
892,"속도붙은 한국 쇼트트랙, 혼성 계주 훈련에 박차[베이징2022]",2022-02-03
893,"""해피 벌스데이, 랍신"" 장자커우 선수촌 깜짝 파티[베이징2022]",2022-02-03
894,14년 전보다 작지만 강렬한 개막식 ‘다함께 미래로’,2022-02-03
895,14년전보다 작지만 강렬한 개막식 ‘다함께 미래로’,2022-02-03
896,"[올림픽] 남자 쇼트트랙 박장혁 ""혼성계주 기대, 중국과 부딪치지 말아야""",2022-02-03
897,"""천하무적 정승기"" 외치며…트랙 정복 시작",2022-02-03
898,'성화 그대로의 성화' 日과 달랐던 中 올림픽 개회식[베이징 현장],2022-02-04
899,"불꽃놀이만 화려했던 개회식, 성화 최종 주자는?",2022-02-04
900,[올림픽]한국 선수단 태극기 흔들며 선전 다짐,2022-02-04
901,[올림픽] 개회식 실시간 시청률 12.12%,2022-02-04
902,[올림픽] 중국답지 않게 소박한 성화 점화…개회식 대미 장식한 '반전',2022-02-04
903,[올림픽] 아메리칸사모아 근육남·이탈리아 국기 단복…각양각색 선수단,2022-02-04
904,[베이징올림픽] '블랙맨' 시진핑 개막선언 눈길,2022-02-04
905,[올림픽] 성화봉을 꽂았다!…가장 작은 성화로 밝게 빛난 베이징,2022-02-04
906,"[베이징올림픽] 송승환 감독 “중국, 2008년 어깨에 힘 잔뜩 들어갔다면 이번에는…”",2022-02-04
907,[영상] 2022 베이징 동계올림픽 개막식③ 개회선언에서 성화점화까지,2022-02-04
908,정치에 얼룩져도… 열띤 도전은 계속된다,2022-02-04
909,"韓지도자 선임 中 쇼트트랙, 혼성계주 첫 金…그 코치는 안현수",2022-02-05
910,이유 있는 '미니 성화'…가장 작은 '올림픽 불꽃',2022-02-05
911,"[베이징올림픽]‘부상 투혼’ 임남규, 루지 남자 1인승 1·2차 시기 33위",2022-02-05
912,[베이징한컷]중국 빙질에 발목 잡힌 한국 쇼트트랙,2022-02-05
913,"[올림픽] 한국 쇼트트랙 꺾은 중국 김선태 감독 ""최선을 다하고 싶었다""",2022-02-05
914,"[베이징 NOW]中 쇼트트랙 김선태 감독, 입 열었다…""인터뷰 피한 이유는""",2022-02-05
915,부상 투혼 루지 임남규의 도전…베이징 첫 레이스 완주,2022-02-05
916,"[베이징 LIVE] 드디어 입을 연 中 김선태 감독 ""모든 경기 전략적 준비. 한국 남은 경기 최선 다하길""",2022-02-05
917,[베이징 pick] 쇼트트랙 첫날 '노메달'...혹시나 했던 혼성계주 '역부족',2022-02-05
918,"김선태-안현수가 이끈 中, 혼성계주 초대 우승자 등극 [올림픽 쇼트트랙]",2022-02-05
919,Korea fail to reach final of inaugural short track mixed team relay,2022-02-05
920,"[뉴스1 PICK] 첫 메달 기대한 쇼트트랙 혼성계주, 예선 탈락…초대 우승은 중국",2022-02-05
921,쇼트트랙 엇갈린 희비… 황대헌·최민정 쇼트트랙 8강 진출,2022-02-05
922,"[베이징 NOW] 34명 중 33위지만…'불굴의 의지' 임남규, 감 잡아간다",2022-02-05
923,"혼성계주 쇼트트랙 노메달, 개인종목서 만회 기대",2022-02-05
924,"부상 안고 뛴 루지 임남규, 1·2차 시기서 33위",2022-02-05
925,"루지 남자 1인승 임남규, 1-2차 시기 출전해 합계 33위 [베이징올림픽]",2022-02-05
926,"[힘내라 베이징] 루지 임남규, 1·2차 시기 33위로 마쳐",2022-02-05
927,"[올림픽] ""중국이 중국했다""…'설마'가 '현실'로, 텃세로 얻어낸 金",2022-02-05
928,충격의 혼성계주 탈락…'빙질과의 싸움에서 졌다'[베이징2022],2022-02-05
929,예상했지만... 시작부터 거센 ‘베이징 텃세’,2022-02-06
930,"중국 여자아이스하키, 세계 6위 일본에 짜릿한 역전승 (ft.슛아웃)",2022-02-06
931,"평창 ‘銀銀銀’ 눈물, 베이징서 닦았다",2022-02-06
932,"[베이징올림픽]루지 임남규, 투혼의 레이스...33위로 대회 마감",2022-02-06
933,여자 계주 나흘 남았지만… 한중전은 벌써부터 뜨겁다,2022-02-06
934,"스피드 김보름, 선수촌 생일맞이...빙둔둔 안고 '활짝'",2022-02-06
935,"-올림픽- '부상 투혼' 루지 임남규, 남자 1인승서 33위",2022-02-06
936,"루지 임남규, 감동의 질주…크로스컨트리는 60위권(종합)[베이징2022]",2022-02-06
937,[올림픽] 메달 순위 (6일 현재),2022-02-06
938,[올림픽] 투혼 빛난 루지 임남규…첫 출전 김민우·정종원은 아쉽게 완주 실패(종합),2022-02-06
939,"-올림픽- 한국, 이틀째 노메달…루지 임남규 33위·스키 김민우 62위",2022-02-06
940,"2연패 도전하는 클로이 김 ""쓰레기통에 버린 메달? 다시 꺼냈죠""",2022-02-06
941,中 올림픽 개회식 한복 논란…“노골적 문화공정” 비판 비등 [뉴스 투데이],2022-02-06
942,1억명 하루 식수 쏟아 ‘100% 인공눈’… 中 “친환경 올림픽” 자화자찬,2022-02-06
943,-올림픽-[국가별 메달 순위](6일),2022-02-06
944,"[올림픽] 일본 스키점프 간판 고바야시, 노멀힐 개인 우승",2022-02-06
945,"곽윤기, 中에 유리한 판정에 “다른 나라라면 결승갔을까” [베이징올림픽]",2022-02-06
946,Lim completes three Olympic luge runs despite recent injury,2022-02-06
947,"[베이징 NOW] 종합 33위…임남규, '최종 라운드 진출 실패' 투혼으로 아름다운 마무리",2022-02-06
948,"[올림픽] 곽윤기, 중국 편파판정 작심 비판 ""다른 나라였다면 탈락했어""",2022-02-06
949,"곽윤기, 中 편파 판정 작심 비판… ""다른 나라라면 결승 갔을까""",2022-02-06
950,"곽윤기, 中 '노터치 금메달'에 분노…""이런 경기 처음 본다""",2022-02-06
951,"""한번도 본적 없는 상황"" 곽윤기도 분노한 中 '블루투스 터치'",2022-02-06
952,[올림픽]위구르족 성화 점화자 등장에 세계에서 중국 비난 봇물,2022-02-06
953,"작심한 곽윤기 ""중국 결승 진출, 다른 나라였다면 탈락했을 것""",2022-02-06
954,"[베이징올림픽]시진핑, 3일만에 21명과 회담 '올림픽 외교'",2022-02-06
955,"아쉽지만 아름다운 33위···루지 임남규, 싱글 경기 마무리",2022-02-06
956,"루지 임남규, 남자 싱글 1~3차 시기 33위…4차 시기는 불발[베이징2022]",2022-02-06
957,"""中 욕설 테러? 후배들 위해 공개"" 의연한 韓 쇼트트랙 맏형[베이징올림픽]",2022-02-06
958,"'한복 논란'에 황희 ""항의 계획 없다...독도 문제와 달라""",2022-02-06
959,최정예 아낀 '판단 실수'...혼성계주 충격의 첫판 탈락,2022-02-06
960,"곽윤기, 중국 작심비판…“다른 나라였다면 결승 올랐을까”",2022-02-06
961,"‘부상 투혼’ 루지 임남규, 매 시기 기록 줄이며 유종의 미",2022-02-06
962,"한글로 뉴질랜드 새겼던 스노보드 유망주, 베이징에선 金[베이징올림픽]",2022-02-06
963,"곽윤기 작심 발언 ""중국 아닌 다른 나라였다면 결승 갔을까?""[베이징2022]",2022-02-06
964,"'부상 투혼' 임남규, 33위 아쉽지만…국민들이 그에게 박수 치는 이유",2022-02-06
965,"출격 앞둔 남자 피겨 차준환·이시형, 컨디션 '굿'",2022-02-06
966,"[올림픽] 다시 웃은 최민정 ""몸 상태 더 좋아질 것…책임감 갖고 뛴다""",2022-02-06
967,"[올림픽] 러시아 크로스컨트리 스키애슬론 금,은",2022-02-06
968,"[올림픽] 쇼트트랙 최민정 ""긴장 풀렸다…500ｍ 책임감 느끼고 뛸 것""",2022-02-06
969,"곽윤기, 中 편파 판정 작심 비판…“그런 경기 본 적 없어”",2022-02-06
970,"[비디오머그] 잊혀진 쇼트트랙 빌런 '왕멍', 막무가내 해설로 다시 존재감 과시",2022-02-06
971,[베이징Scene] 중국 편파판정…곽윤기의 분노 “올림픽 금메달이 저런 것인가”,2022-02-06
972,"[영상] 루지 임남규, 3차 시기 33위로 경기 마쳐…아쉽지만 잘했다",2022-02-06
973,"작심한 곽윤기 “중국 결승 진출, 내가 꿈꿨던 금메달이 이런 것인가”",2022-02-06
974,"‘아쉽다 1차 시기’…루지 임남규, 3차 합계 33위",2022-02-06
975,"'노터치 金' 중국에 곽윤기 ""내가 꿈꿔 온 금메달의 자리가 이런 것인가""",2022-02-06
976,"“중국 우승 억울, 금메달이 그렇게 올라가는 곳인가” 쇼트트랙대표팀 최고참 곽윤기 작심발언 [베이징 인터뷰]",2022-02-06
977,"'부상 투혼' 루지 임남규, 매번 기록 단축하며 33위로 아름다운 마무리",2022-02-06
978,[올림픽] '아름다운 도전' 유종의 미를 거두는 임남규!,2022-02-06
979,"쇼트트랙 최민정 ""어제는 첫 종목, 아직 경기 남았다""[베이징2022]",2022-02-06
980,계주에서 넘어진 뒤 선수들 표정은 어땠을까? 대한민국 쇼트트랙 첫 직캠입니다 [비머in베이징ep.5],2022-02-06
981,혼성계주 ‘충격 탈락’ 그 이후…최민정 “나머지 종목에서 책임감 있는 모습 보여드리겠다” [스경X베이징],2022-02-06
982,"곽윤기, 노터치 금메달 중국에 ""다른 나라였다면 탈락했을 것""",2022-02-06
983,웃음기 사라진 한국 쇼트트랙…침묵 속에 개인 훈련 집중,2022-02-06
984,평창 때 한국어 스노보드 '사도스키'…스노보드 금메달,2022-02-06
985,"[올림픽] 작심한 곽윤기 ""중국 결승 진출, 다른 나라였다면 탈락했을 것""(종합)",2022-02-06
986,"'경이로운 부상 투혼' 임남규, 최종 33위로 아름다운 마무리 [올림픽 루지]",2022-02-06
987,"中금메달에 환호한 안현수…""소설보다 짜릿한 영웅"" 현지매체 극찬",2022-02-06
988,다시 뛰는 쇼트트랙…무거운 분위기 속 개인전 출격 준비[베이징2022],2022-02-06
989,"[올림픽] 루지 임남규, 최종 레이스 진출 실패…1~3차 시기 최종 33위",2022-02-06
990,“세 번째 올림픽…금빛 날 세워 환한 보름달로”,2022-02-06
991,"꼭꼭 숨기던 중국 쇼트트랙, 뚜껑 열어보니 만만치 않네",2022-02-06
992,"[베이징 LIVE] ""내 책임"" 혼성계주 부진 고개떨군 최민정 ""박장혁 허벅지 부상 걱정""",2022-02-06
993,한국 쇼트트랙 격파는 한국인 지도자로?…안현수 영웅 대접,2022-02-06
994,"[올림픽] 다시 뛰는 쇼트트랙, 혼성계주 탈락 충격 잊고 개인전 준비",2022-02-06
995,"[올림픽] 작심한 곽윤기 ""중국 결승 진출, 다른 나라였다면 탈락했을 것""",2022-02-06
996,"韓 쇼트트랙 대표팀, 혼성계주 패배 잊고…어깨동무하며 ‘심기일전’",2022-02-06
997,"[베이징 NOW]'중국산 편파판정' 뿔난 곽윤기 소신발언 ""설마설마했다""",2022-02-06
998,"[베이징 LIVE] 곽윤기의 작심발언 ""중국 편파판정 이 정돈 줄 몰랐다""",2022-02-06
999,"발리예바, 완벽했던 올림픽 데뷔전",2022-02-06
1000,‘부상 투혼’ 루지 임남규! 박수 받은 ‘꼴찌의 하트’,2022-02-06
1001,"쇼트트랙, 아직 “8개 종목 남았다”…내일 메달 도전",2022-02-06
1002,[올림픽] 평창서 한글 유니폼 뉴질랜드 선수·대구 출신 노르웨이 선수,2022-02-06
1003,"차준환, 쇼트프로그램 23번째 연기…하뉴보다 뒤 [베이징올림픽]",2022-02-06
1004,[올림픽] 웃음기 사라진 한국 쇼트트랙…침묵 속에 개인 훈련 집중,2022-02-06
1005,‘피겨 간판’ 차준환 “코로나19로 힘든 국민께 힘이 되겠습니다”,2022-02-06
1006,"국회의장 “중국, ‘한복’ 관련 한국 관심 고려하겠다고 밝혀”",2022-02-06
1007,"닐스 판데르폴, 빙속 남자 5000m 올림픽 신기록으로 金[베이징2022]",2022-02-06
1008,"[베이징 LIVE] 중국은 '여유', 한국은 '비장', 혼성계주가 몰고온 한-중 극과극 훈련분위기",2022-02-06
1009,"황대헌·이준서, 결승 문턱서 실격 '황당 판정'…최민정도 좌절(종합)",2022-02-07
1010,"""비행기 타라, 다음 올림픽 준비하자"" 韓쇼트트랙 전설들 격앙",2022-02-07
1011,[올림픽] 메달 순위 (7일 현재),2022-02-07
1012,비디오 판독하는데 ‘북치기 세리머니’…노골적인 편파판정의 끝,2022-02-07
1013,"[베이징 pick] 넘어져, 다치는 불운에...편파 판정까지 '노메달 빨간불'(종합)",2022-02-07
1014,[올림픽] 끝도 없는 중국의 홈 텃세 판정…최대 피해자는 한국 선수단,2022-02-07
1015,"“돌아갈 방법 없는지...” 황대헌, 실격 후 마이클 조던 명언 올렸다",2022-02-07
1016,"쇼트 실격에…이수지 ""1등 우리것"" 김지우 ""심판 아무나 하나""",2022-02-07
1017,"[영상] ‘귀화선수’ 프리쉐, 루지 여자 1인승 1·2차 합계 21위",2022-02-07
1018,"한국 선수단장, 8일 쇼트트랙 판정 관련 긴급 기자회견",2022-02-07
1019,쇼트트랙 '편파판정' 관련…한국 선수단장 8일 긴급 기자회견,2022-02-07
1020,비디오 판독 결과 우승 차지한 중국,2022-02-07
1021,"중국 금메달에 감격한 김선태 감독, 인터뷰는 거부[베이징2022]",2022-02-07
1022,"[올림픽] 루지 프리쉐, 여자 싱글 첫날 21위…4차 시기 진출 가능성 남아",2022-02-07
1023,"1위 못해도 심판이 안겨준 금·은…中 향한 야유, 함성에 묻혔다",2022-02-07
1024,"대한체육회, 쇼트트랙 황당 판정에 8일 긴급기자회견",2022-02-07
1025,"[올림픽] 비난 외면하는 중국…양양 ""결승에 중국선수 3명, 막강해졌다""",2022-02-07
1026,"[2022베이징] '한복·홈 어드밴티지 논란' 중국, 선 넘었다",2022-02-07
1027,"""언제부터 쇼트트랙이 UFC 됐냐"" 中 못된 손에 네티즌 분노",2022-02-07
1028,"쇼트트랙 판정 관련, 한국 선수단장 내일 11시 긴급 기자회견",2022-02-07
1029,"멜로망스 김민석, 동명이인 김민석 동메달에 ""분야별로 파이팅""",2022-02-08
1030,"민주당 ""김민석 동메달, 편파판정으로 속상한 국민께 큰 위로""",2022-02-08
1031,"[올림픽] 썰매 뒤집어졌으나 완주… 귀화 선수 프리쉐, 루지1인승 19위",2022-02-08
1032,"문 대통령, '스피드스케이팅 동메달' 김민석 선수에 축전",2022-02-08
1033,"文대통령 베이징 '첫 메달' 김민석에 축하…""장하고 자랑스러워""",2022-02-08
1034,"[올림픽] 문대통령 '첫메달' 김민석에 축전…""큰 자부심 선사""",2022-02-08
1035,"[올림픽]‘귀화선수’ 프리쉐, 썰매 전복에도 완주…루지 1인승 최종 19위",2022-02-08
1036,[그래픽] 베이징 동계올림픽 메달 순위(8일),2022-02-08
1037,"[2022올림픽] 9일 오늘의 한국경기…쇼트트랙 황대헌·이준서·박장혁 1,500ｍ 금 재도전",2022-02-08
1038,"빙속 김민석 한국 첫 메달에 文대통령 ""국민들에게 큰 자부심""",2022-02-08
1039,"‘귀화선수’ 프리쉐, 썰매 전복에도 완주…여자 1인승 최종 19위",2022-02-08
1040,"文대통령 ""큰 자부심 줬다""…첫 메달 선사한 김민석에 축전",2022-02-08
1041,-올림픽-[국가별 메달 순위](8일),2022-02-08
1042,"文대통령 “김민석 동메달, 동료들에 큰 자신감 줄 것”",2022-02-08
1043,"한국 피겨의 간판 차준환 쇼트 4위, 한국 남자 피겨 새역사!",2022-02-08
1044,"문대통령, '베이징 올림픽 첫 메달' 김민석 축하…""장하고 자랑스럽다""",2022-02-08
1045,"[2022베이징] 위대한 '어머니의 힘' 독일 가이센베르거, 女 루지 3연패",2022-02-08
1046,"[올림픽] 드디어 첫 메달, 빙속 김민석 1500m 銅…차준환 쇼트 4위(종합)",2022-02-08
1047,-올림픽- '김민석이 해냈다' 빙속서 한국 첫 동메달…피겨 차준환 4위(종합),2022-02-08
1048,"프리쉐, 썰매 전복에도 완주…여자 1인승 최종 19위 [올림픽 루지]",2022-02-08
1049,"황당한 판정에 한국, 줄줄이 실격…중국 도넘은 홈텃세",2022-02-08
1050,[심층인터뷰] 수차례 ‘편파 판정’ 논란…강경대응,2022-02-08
1051,"""전혀 상상 못했어요"" 김민석, 힘들었던 韓선수단에 첫 메달 선물 [베이징올림픽]",2022-02-08
1052,[올림픽] 메달 순위 (8일 현재),2022-02-08
1053,"박장혁, 중국 텃세 판정에 “이러려고 쇼트트랙했는지 회의감 들어”",2022-02-08
1054,"‘텃세 극복 방법’ 묻자… 황대헌, 김선태·안현수에 한방 먹인 한마디",2022-02-08
1055,"김민석, 대한민국 첫 메달…스피드 1,500m 2연속 동메달",2022-02-08
1056,"‘귀화선수’ 아일린 프리쉐, 루지 여자 1인승 최종 19위…가이센베르거 올림픽 3연패 달성",2022-02-08
1057,편파판정 악몽 털어낸 쇼트트랙 대표팀…“내일만 생각할래요”,2022-02-08
1058,"빙속 김민석, 한국 첫 메달 쾌거…스노보드 이상호 좌절(종합)",2022-02-08
1059,[영상] 무표정에서 갑자기…루지 선수 익살 제스처 ‘눈길’,2022-02-08
1060,‘값진 한국 첫 메달’ 김민석SNS에 팬들 ‘좋아요’ 폭발,2022-02-08
1061,"김민석, 스피드 스케이팅 남자 1500m 동메달, 한국 선수단 첫 메달",2022-02-08
1062,레인이 어쩌고 어쨌다고? 제대로 극대노한 전 국대가 분석해 봤습니다 [비머in베이징ep.6],2022-02-08
1063,[영상] 썰매 뒤집힌 ‘귀화선수’ 프리쉐…개인전 마지막 슬라이딩,2022-02-08
1064,‘대회 첫 메달’ 김민석 “다른 한국 선수들에 힘 됐으면”,2022-02-08
1065,"[올림픽] 이탈리아, 믹스더블 전승 우승…컬링 첫 메달",2022-02-08
1066,[스포츠머그] 스피드스케이팅 김민석 동메달!…마지막까지 마음 졸였던 한국 선수단 첫 메달 획득 순간,2022-02-08
1067,"""될 대로 되라지"" 김민석은 후발 주자들의 도전이 두렵지 않았다 [베이징올림픽]",2022-02-08
1068,"‘올림픽의 남자’ 마이어, 남자 알파인 첫 3연속 金",2022-02-08
1069,"중국 텃세 판정에 박장혁 ""이러려고 쇼트트랙 했는지 회의감 들어""",2022-02-08
1070,19세 소녀 금메달에... 중국선 “인민 챔피언” 미국선 “배은망덕”,2022-02-08
1071,편파 판정 없는 빙속서 한국 첫 메달…쇼트트랙보다 먼저 나왔다,2022-02-08
1072,"편파 판정 대범하게 넘긴 이준서 ""전에 당해봤을지도""",2022-02-08
1073,"박장혁, 중국 홈 텃세에 ""이러려고 쇼트트랙 했나 회의감 들어""[베이징2022]",2022-02-08
1074,한때 영웅이었는데... ‘배신자’ 소리 듣는 중국계 미국 선수들,2022-02-08
1075,[영상] 중국코치로 변신한 안현수에 비난 폭발,2022-02-08
1076,‘편파판정’ 말문 연 황대헌 “몸에 아무것도 닿지 않았는데…탈락”,2022-02-08
1077,"""내 미래 나도 기대돼""… 빙속 동메달 김민석, 편파판정 선수단도 위로",2022-02-08
1078,"[2022베이징] '강한 정신력' 아일린 프리쉐, '사고' 속 결승선 통과",2022-02-08
1079,"[베이징 Pick] 빙속 김민석, ""선수들에게 힘이 되고 싶었다""",2022-02-08
1080,"첫 메달 안긴 '빙속 괴물' 김민석 ""4년 뒤엔 우승하겠다""",2022-02-08
1081,"[올림픽] 쇼트트랙 맏언니 김아랑 ""김민석 동메달이 좋은 일의 시작""",2022-02-08
1082,대표팀 분위기 되살린 김민석 “선수들에 힘 되겠다 다짐했죠”,2022-02-08
1083,"[올림픽] 중국 텃세판정에 박장혁 ""이러려고 쇼트트랙했는지 회의감 들어""",2022-02-08
1084,한국 쇼트트랙 포기는 없다…11바늘 꿰맨 박장혁도 훈련[베이징2022],2022-02-08
1085,"'빙속 괴물' 김민석, 男1,500m서 베이징올림픽 첫 메달 쾌거",2022-02-08
1086,"[올림픽] 쇼트트랙 박장혁, 9일 1000m 뛴다 ""부상 핑계 대고 싶지 않아""",2022-02-08
1087,[올림픽] 개막 6일째 나온 한국 첫 金…주인공은 쇼트트랙 황대헌(종합),2022-02-09
1088,"문 대통령, 쇼트트랙 황대헌 첫 金 축하…""억울함 날려보낸 쾌거""",2022-02-09
1089,"한국 여자 쇼트트랙, 3,000m 계주 결승 진출",2022-02-09
1090,"‘활짝 웃은’ 박승희 해설위원 “우리 선수들, 굉장히 강한 친구들이었다” [강산 기자의 베이징 리포트]",2022-02-09
1091,차준환 피겨 새 역사 도전...컬링 '팀킴' 경기 시작,2022-02-09
1092,한국 여자 쇼트트랙도 해냈다…3000m 결승 진출,2022-02-09
1093,"[베이징올림픽] 中 대사관, 올림픽 판정 논란에 ""엄중한 우려""",2022-02-09
1094,"문대통령 ""누구도 빼앗을 수 없는 금메달…억울함 날린 쾌거""",2022-02-09
1095,"[2022 베이징] 쇼트트랙 첫 금 황대헌, 올림픽 2연속 메달 '에이스' 증명",2022-02-09
1096,"'국민 체증' 내린 황대헌, 쇼트트랙 1,500m 첫 금메달 쾌거",2022-02-09
1097,[베이징올림픽]대한민국 첫 금메달 황대헌의 전략 “아무도 손 못대게 하는 것”,2022-02-09
1098,"文대통령, 황대헌金에 ‘中편파논란’ 간접 언급… “억울함 한방에”",2022-02-09
1099,[스포츠머그] 역시 에이스 최민정...막판 아웃코스 추월로 극적 결승 진출,2022-02-09
1100,"[올림픽] 런쯔웨이 추월 박장혁 ""또 페널티 줬다면 장비 집어 던졌을 것""",2022-02-09
1101,"문대통령, 베이징 첫 金 황대헌에 축전…""억울함 한방에 날려""",2022-02-09
1102,“러시아 피겨 단체전 선수 한 명 도핑 양성” (美 USA투데이),2022-02-09
1103,"'오노인 줄?' 박장혁, 통렬한 일침 ""中 런쯔웨이? 네가 한 짓을 봐라""[베이징올림픽]",2022-02-09
1104,"-올림픽- '장하다, 황대헌' 한국 선수단 첫 금 낭보…여자 계주 결승행",2022-02-09
1105,"쇼트트랙 황대헌, 편파 판정 딛고 한국 첫 금메달",2022-02-09
1106,"[올림픽] 평창서 두 번 넘어진 황대헌, 불운 씻고 '금빛 질주'(종합)",2022-02-09
1107,"[올림픽] '7엔드부터 실수' 컬링 팀 킴, 첫 경기서 캐나다에 7-12 패",2022-02-10
1108,"금메달 빼고 다 가졌던 남자, 마침내...",2022-02-10
1109,"[영상] 팀 킴, 대량 득점 노렸지만…캐나다에 접전 끝 패배 (10엔드) (여자 컬링 예선 - 대한민국 vs 캐나다)",2022-02-10
1110,"'팀 킴' 한국, 캐나다 상대한 첫 경기서 7-12 패배 [올림픽 컬링]",2022-02-10
1111,"-올림픽- 차준환, 김연아 이후 8년 만에 피겨 '톱5'…클로이 김 금메달(종합)",2022-02-10
1112,"[베이징 pick] ""가자~가자~"" 컬링 '팀 킴' 첫 경기 캐나다에 패",2022-02-10
1113,"-올림픽- 한국 루지, 마지막 계주서 13위…가이젠베르거 2관왕",2022-02-10
1114,[베이징올림픽] 루지 혼성 릴레이 '마의 13구간'서 미끄러지며 메달 획득 실패 ,2022-02-10
1115,"[2022 베이징] 쇼트트랙, 11일 레이스 홈 텃세 중국 피해",2022-02-10
1116,‘팀 킴’ 캐나다에 7-12 석패…아직 여덟 경기 남았다,2022-02-10
1117,"차준환 첫 톱5, 男피겨 역사 새로 썼다",2022-02-10
1118,[올림픽] 마의 구간서 미끄러진 루지 혼성 릴레이 13위…금메달은 독일(종합),2022-02-10
1119,"'승부는 승부' 갤런트 한국 컬링 감독, '예비 며느리'에 패배 [베이징2022]",2022-02-10
1120,"[힘내라 베이징] 루지 대표팀, 팀 계주 13위로 마무리",2022-02-10
1121,"아, 실수가... 컬링 '팀 킴', 女 단체전 첫 경기서 캐나다에 패배",2022-02-10
1122,"‘바깥돌기의 여왕’ 최민정, 오늘밤 다시 날 세운다",2022-02-10
1123,"""초희~ 가야 돼~"" 팀 킴이 돌아왔다[베이징2022]",2022-02-10
1124,"'팀 킴' 한국, 女 컬링 단체전 첫 경기 '소치 金' 캐나다에 패배",2022-02-10
1125,"팀 킴, 캐나다와의 올림픽 첫 경기 패배",2022-02-10
1126,-올림픽-[국가별 메달 순위](11일),2022-02-11
1127,"정승기, 올림픽 첫 출전서 '톱10' 안착…윤성빈 12위 [올림픽 스켈레톤]",2022-02-11
1128,"[베이징올림픽]문재인 대통령, 최민정에 축전 ""이제 활짝 웃길""",2022-02-11
1129,"한국 쇼트트랙, 또 하나의 적… 중국 관중석, 韓선수 탈락에 환호",2022-02-11
1130,“나도 이렇게 많이 울 줄 몰랐다” 최민정 눈물 흘린 이유는?,2022-02-11
1131,"[2022 베이징] 팀 킴, 유럽 강호 영국 꺾고 女 컬링 첫 승 신고",2022-02-11
1132,-올림픽- 스켈레톤 정승기 10위·윤성빈 12위…중국 옌원강 동메달,2022-02-11
1133,"[2022올림픽] 문대통령 ""이제 활짝 웃기를"" 쇼트트랙 銀 최민정에 축전",2022-02-11
1134,"[올림픽] '아이언맨' 못 쓴 윤성빈, 스켈레톤 12위로 마무리…정승기 10위",2022-02-11
1135,"최민정, 쇼트트랙 1000m '은'…남자 계주 결승행(종합2보)[베이징2022]",2022-02-11
1136,[영상] 이변은 없었다…'금메달' 그로테어의 압도적 주행 (스켈레톤 남자 4차 시기),2022-02-11
1137,"이민정 ""민정이가 역시 잘해""…銀 최민정에 센스 넘치는 축하",2022-02-11
1138,[스브스뉴스] 계주 천재 곽윤기 출동한 쇼트트랙 계주 준결승 / 스브스뉴스,2022-02-11
1139,천당 지옥 오간 ‘안경 선배’ 김은정!…여자 컬링 ‘팀 킴’ 첫 승,2022-02-11
1140,[베이징 pick] '10위!' 정승기 첫 올림픽 '톱 10' 진입!…윤성빈 12위 마감,2022-02-11
1141,[베이징올림픽] 男 스켈레톤 정승기10위·윤성빈 12위,2022-02-11
1142,"문대통령, 쇼트트랙 銀 최민정에 ""모두의 자랑""",2022-02-11
1143,[올림픽] 메달 순위 (11일 현재),2022-02-11
1144,"[올림픽] '눈물의 은메달' 최민정에 이민정도 축하…""민정이가 역시 잘해""",2022-02-11
1145,"문재인 대통령 ""최민정 이제 활짝 웃기를, 부담 이겨내 줘 고맙다"" [해시태그#베이징]",2022-02-11
1146,"'깜짝 아닙니다' 차민규, 2회 연속 은메달…팀 킴은 2연승(종합)[베이징2022]",2022-02-12
1147,"[투나잇올림픽] 12일 국가별 메달 순위…'차민규銀' 한국 금1 은2 동1, 15위",2022-02-12
1148,[올림픽] 메달 순위 (12일 현재),2022-02-12
1149,"'2부리그 밀려났던' 차민규, 스케이트 장인 도움받고 은메달 쾌거",2022-02-12
1150,"차준환, 발리예바 도핑 파문에…""스포츠는 깨끗함이 가장 중요"" 일침",2022-02-12
1151,"[베이징 리포트] 문재인 대통령, 스피드 차민규에 축전",2022-02-12
1152,(킬포多) 쇼트트랙이 원래 이런 경기인가요? 왜 사람을 울려 [비머in베이징ep.9],2022-02-12
1153,[그래픽] 베이징 동계올림픽 메달 순위(12일),2022-02-12
1154,[스브스뉴스] 차민규 선수가 제 소속팀 선수거든요오오오오!!!! / 스브스뉴스,2022-02-12
1155,"미국 남자 아이스하키, 캐나다에 12년만의 승리",2022-02-12
1156,"평창 땐 0.01초, 이번엔 0.07초… 차민규 “금메달 아쉬워""",2022-02-12
1157,"'첫 올림픽 마감' 김은지, 여자 스켈레톤 23위 기록 [올림픽 스켈레톤]",2022-02-12
1158,차민규 ‘은빛 질주’에 文대통령 “다시 한번 해냈다” 축전,2022-02-12
1159,"[올림픽] 빙속 차민규, 500m 2연속 은메달…컬링 팀 킴은 2연승(종합)",2022-02-12
1160,"[베이징 NOW] 종합 23위…김은지, '최종 라운드 진출 실패'… 생애 첫 올림픽 마무리",2022-02-12
1161,"[올림픽] 여자 스켈레톤 김은지, 3차까지 22위…4차 진출 실패",2022-02-12
1162,"귀화대표 랍신, 바이애슬론 스프린트 10㎞ 82위[베이징올림픽]",2022-02-12
1163,[영상] 2차보다 0.85초 줄였다…손바닥 응원 보인 김은지 (스켈레톤 여자 3차 시기),2022-02-12
1164,"[영상] 스켈레톤 김은지, 올림픽 도전 마무리…“대한민국 화이팅” 깜짝 세리모니",2022-02-12
1165,"'올림픽 첫 출전' 스켈레톤 김은지, 3분09초79 23위로 마감",2022-02-12
1166,"[2022올림픽] 차민규 ""'깜짝 메달' 섭섭…금메달 못따 아쉽다""",2022-02-12
1167,"[장자커우Scene] ‘푸른 눈의 한국인’ 랍신, 바이애슬론 10㎞ 82위",2022-02-12
1168,차준환이 배우 진지희에게 “저도 더 높은 곳으로 갈게요”[스경X베이징],2022-02-12
1169,빙판 500m 깜짝 메달리스트? 차민규가 싸운 건 선입견이었다,2022-02-12
1170,[2022 베이징] 차민규 2개 대회 연속 '은' 이번엔 0.07초 차,2022-02-12
1171,"[영상] KBS단독! 최고시속 61km, 차민규 500m 경기 ‘직캠’",2022-02-12
1172,"평창서 새 역사 쓴 귀화인 랍신, 바이애슬론 10km 82위",2022-02-12
1173,"곽윤기 뒷선수 시점에 반응 화끈, 본인은 “해외 선수들에게 DM 보내달라”",2022-02-12
1174,KBS 깜짝 방문한 차준환 입담 “세게 넘어질 줄은 몰랐어요”,2022-02-12
1175,곽윤기·황대헌 ‘인터뷰도 미루고 같이 뛰었다’,2022-02-12
1176,"[영상] 차민규, 스피드스케이팅 500m 메달 시상식",2022-02-12
1177,중반부 접어든 2022 베이징 동계올림픽… 강원전사 12일에도 선전,2022-02-12
1178,"'폭풍 눈물' 최민정, SNS에 감사 인사 ""앞으로 웃을 일만""",2022-02-12
1179,[영상] 차민규 은메달 시상식…장난기로 '웃음 활짝' (스피드스케이팅 남자 500m 시상식),2022-02-12
1180,“믿기지 않아” 제자 차민규 은메달에 제갈성렬이 오열한 이유,2022-02-12
1181,쇼트트랙 최민정 ‘값진 은메달’…뜨거운 눈물,2022-02-12
1182,"문 대통령, 스피드스케이팅 은메달 차민규에 ""앞으로도 멋지게 달리길""",2022-02-12
1183,우주서 보이는 인공눈…1억명 하루 식수로 만들었다,2022-02-12
1184,"[올림픽] 2부리그 떨어졌던 차민규, 장비 장인 도움 받고 은메달 쾌거",2022-02-12
1185,"차민규, 빙속 남자 500m 2회 연속 은메달…‘깜짝 스타에서 대들보로’",2022-02-12
1186,‘깜짝 아닌 실력’ 2연속 은메달 차민규의 근거 있는 자신감,2022-02-12
1187,"차민규 은메달 축전 문 대통령, “지독한 노력으로 자부심 만들어 자랑스럽다”",2022-02-12
1188,"[올림픽] 티모페이, 바이애슬론 스프린트서 82위…대회 마감",2022-02-12
1189,[영상] '인간 새들의 활공' 베이징의 하늘을 수놓다 (스키점프 남자 라지힐 준결승 하이라이트),2022-02-12
1190,‘2연속 은메달’ 차민규 “깜짝 주인공이 아니라 노력의 결과”,2022-02-12
1191,"'깜짝 메달' 아닙니다…2연속 銀 차민규 ""0.07초 차 아쉽지만 만족""",2022-02-12
1192,"눈물 흘린 제갈성렬 감독 ""불가능을 가능으로, 믿기지 않아""[베이징2022]",2022-02-12
1193,"최민정, SNS서 ""모든 분께 감사드린다…앞으로 웃을 일만""",2022-02-12
1194,"[올림픽] ""앞으로 웃을 일만"" 펑펑 울었던 최민정, 시상식서 환하게 웃었다",2022-02-12
1195,"[오늘의 국가대표] '에이스의 무게' 최민정, ""이제는 맘껏 웃어요""",2022-02-12
1196,"[영상] 최민정 쇼트트랙 1,000m 시상식…오늘은 눈물 대신 미소",2022-02-12
1197,"[영상] 최민정, 이번엔 환하게 웃었다! 빛나는 은메달 시상식 (쇼트트랙 여자 1000m)",2022-02-12
1198,"문재인 대통령 ""차민규, 지독한 노력으로 모두의 자부심 만들어"" 축전",2022-02-12
1199,"차민규 은메달 순간, 믹스트존에서 펼쳐진 日의 비매너[베이징 현장]",2022-02-12
1200,"“깜짝이라는 말 듣기 싫어요”…차민규, 빙속 500m 2연속 은메달 쾌거",2022-02-12
1201,"문 대통령, 빙속 銀 차민규에 축전…""스케이팅 강국 위상 높여""",2022-02-12
1202,“올림픽 전 스케이트날 다시 세우고...” 메달권 없던 차민규 銀 반전극,2022-02-12
1203,"올림픽 선수촌 물난리…핀란드 선수 ""도와주세요""[베이징2022]",2022-02-12
1204,합쳐서 78살…스노보드 금메달 합작한 미 '최고령 듀오',2022-02-12
1205,"'새로운 전설' 차민규, 평창이어 베이징서도 500m 銀 쾌거",2022-02-12
1206,'여자 썰매 개척자' 김유란…이번엔 '모노봅',2022-02-12
1207,"""당신 마시는 차에…"" 러 선수 도핑 고발 기자들이 받은 살해위협",2022-02-12
1208,"文 ""스피드스케이팅 銀 차민규, 자랑스러워…거침없는 질주 인상적""",2022-02-12
1209,"文대통령, 스피드스케이팅銀 차민규에 ""거침없는 질주 인상적""",2022-02-12
1210,세상에 이런 뒷심이…세계 신기록으로 2관왕,2022-02-12
1211,"문대통령, 차민규 선수에 축전 ""앞으로도 멋지게 달리길""",2022-02-12
1212,"금메달 따면 ""대륙의 자랑"", 부진하면 ""대륙의 수치""...귀화 선수에 대한 중국의 '본심'",2022-02-12
1213,"문 대통령, 스피드스케이팅 은메달 차민규에 축전…“자랑스럽다”",2022-02-12
1214,"[올림픽] 눈물 흘린 제갈성렬 ""차민규의 은메달, 불가능을 가능케 했다""",2022-02-12
1215,"1위와 0.07초차이…차민규, 스피드스케이팅 남자 500ｍ 2연속 올림픽 은메달(종합)",2022-02-12
1216,"문대통령, 스피드스케이팅銀 차민규에 ""앞으로도 멋지게 달리길""",2022-02-12
1217,"'우리의 챔피언' 최민정, 눈물은 그만...""앞으로 웃을 일만""",2022-02-12
1218,"발리예바 도핑 의혹 보도한 기자들, 살해 위협 시달려[베이징2022]",2022-02-12
1219,"[베이징올림픽]올림픽 2연속 銀 차민규, 포상금만 1억원 이상 받아",2022-02-12
1220,[베이징Scene] 묵묵히 흘린 땀방울…차민규를 강심장으로 만들었다,2022-02-12
1221,"큰 무대에 강한 차민규, 스피드스케이팅 500m 2연속 銀",2022-02-12
1222,"빙속 차민규, 남자 500m에서 평창 이어 2연속 은메달…컬링 2연승",2022-02-12
1223,차민규 '폭풍질주'... 2회 연속 올림픽 은메달,2022-02-12
1224,[베이징 NOW] 한중일 500m 싹쓸이…단거리 '아시아 천하' 열렸다,2022-02-12
1225,"[올림픽] 차민규 ""평창 땐 0.01초, 이번엔 0.07초 차…금메달 아쉬워""",2022-02-12
1226,"'빙상인 이규혁 예비아내' 손담비, 차민규 은메달 축하 ""으아 축하…고생했어요""",2022-02-12
1227,"[올림픽] 2연속 은메달 차민규 ""깜짝 아니다…열심히 노력해 얻은 성과""",2022-02-12
1228,역주하는 러시아올림픽위원회,2022-02-12
1229,"[스포츠머그] ""강심장 차민규 또 해냅니다!""…'폭풍 질주'로 2연속 은메달 쾌거",2022-02-12
1230,"(영상)""도와주세요""…물바다 된 中선수촌, '은폐 의혹' 제기된 이유",2022-02-12
1231,"은빛 질주 차민규, 男 빙속 500m 2연속 은메달 쾌거 [베이징올림픽]",2022-02-12
1232,‘2연속 올림픽메달’ 차민규 “깜짝 아닌 노력의 결과” [강산 기자의 여기는 베이징],2022-02-12
1233,"[베이징 pick] ""기록 아쉽다""는 차민규, 그래도 '2연속 올림픽 銀' 새 역사",2022-02-12
1234,[스포츠 영상] 남자 아이스하키 '영원한 라이벌' 캐나다 12년 만에 미국 승리,2022-02-12
1235,'깜짝' 은메달 아니다! 차민규는 '노력파' 메달리스트[베이징 현장],2022-02-12
1236,"‘톱5’ 역사 쓴 차준환…“세계선수권, 더 높은 곳을 바라보겠다”",2022-02-12
1237,남자 피겨 'TOP 5' 차준환‥'앞으로가 더 기대되는 선수가 될게요!',2022-02-12
1238,"또 해낸 차민규 ""연속 메달이니 '깜짝'은 아니죠""[베이징2022]",2022-02-12
1239,"‘빅레이스 스케이터’ 차민규, 은메달로 2연속 올림픽메달 위업! [강산 기자의 여기는 베이징]",2022-02-12
1240,"-올림픽- 은반에서 또 낭보…차민규, 빙속 500ｍ 2회 연속 은메달",2022-02-12
1241,"팀 킴 '신들린 샷' 2연승‥""중국 전도 자신""",2022-02-12
1242,"""차 마실 때 조심해라""…발리예바 도핑의혹 보도 기자들 살해협박 받아",2022-02-12
1243,"[베이징올림픽]'차민규 스승' 제갈성렬 감독 ""많은 이들이 어렵다고 했지만...""",2022-02-12
1244,"'올림픽 체질' 차민규, 모태범도 못한 2연속 올림픽 메달 위업",2022-02-12
1245,2대회 연속 銀…차민규 “‘깜짝’ 꼬리표 떼고 싶었어요”[스경X베이징],2022-02-12
1246,Kim Min-sun finishes seventh in women's 500 meters,2022-02-13
1247,"[베이징 NOW]'이상화 라이벌' 日 고다이라, 왕좌에서 내려왔다…500m 17위 마무리",2022-02-13
1248,'이상화 후계자' 김민선 7위…그래도 잘했다,2022-02-13
1249,"-올림픽- 쇼트트랙 여자 3,000ｍ 계주 은메달…한국 메달 순위 15위(종합)",2022-02-13
1250,"[베이징올림픽]'잘 싸웠다!' 김민선, 여자 500m 7위...美잭슨 금메달",2022-02-13
1251,"[2022 베이징] 김민선, 빙속 여자 500m 7위…고다이라 17위로 부진",2022-02-13
1252,"피겨 유영·김예림, 김연아 이후 8년 만에 올림픽 포디움 오른까?",2022-02-13
1253,"[영상] ""부상으로 힘든 시간…"" 눈물 보인 김민선의 소감 (스피드스케이팅 여자 500m)",2022-02-13
1254,김민선 질주,2022-02-13
1255,"[속보] 김민선, 빙속 여자 500m 7위",2022-02-13
1256,"빙속 500m 7위, 김민선 두번째 올림픽 성공적[뉴시스Pic]",2022-02-13
1257,"팀워크로 상처 치유한 최민정, 이번엔 웃었다",2022-02-13
1258,"김민선, 스피드스케이팅 500m 7위…평창 16위에서 급성장",2022-02-13
1259,[2022 베이징] 은메달 그래도 눈물 흘리지 않은 女 쇼트트랙대표팀,2022-02-13
1260,"김민선, 女 스피드 500m 7위로 마감… 평창 대회보다 9계단 상승",2022-02-13
1261,"""함께하는 힘의 가치"" 문 대통령, 쇼트트랙 여자 대표팀에 축전 [해시태그#베이징]",2022-02-13
1262,[올림픽] 메달 순위 (13일 현재),2022-02-13
1263,"'제2의 이상화' 김민선, 스피드스케이팅 女500m 7위… ""밀라노선 메달 따겠다""",2022-02-13
1264,"[영상] 김민선, 스피드스케이팅 500m 7위 기록",2022-02-13
1265,"""가능성 보여줬다"" 이상화 후계자 김민선, 스피드스케이팅 여자 500m 7위",2022-02-13
1266,"김유란, 겨울올림픽 새 종목 모노봅 18위로 마감",2022-02-14
1267,"[올림픽] 조직위의 흡족한 중간 결산 ""선수들 만족도 높고 방역도 완벽""",2022-02-14
1268,다음은 없는 것처럼 준비한 유영…트리플 악셀 뛰고 메달권까지 날까[베이징올림픽],2022-02-14
1269,"[베이징올림픽]컬링 '팀킴', 미국에도 져 6위..밤 9시5분 한일전",2022-02-14
1270,곽윤기의 유쾌한 도전…16일 올림픽 라스트 댄스[베이징2022],2022-02-14
1271,"컬링 팀 킴, 미국에 6-8 패배…2연패 빠져 공동 6위",2022-02-14
1272,"꼴찌를 기다린 금메달리스트, 핀란드 이보 니스카넨이 보여준 올림픽 정신[베이징올림픽]",2022-02-14
1273,"“너희 나라로 돌아가, 하지만 너희 나라 위해 금메달 따지는 마”",2022-02-14
1274,"컬링 ‘팀 킴’ ,오늘 밤 日과 운명의 한일전…지면 예선탈락 위험 ↑",2022-02-14
1275,"男 스피드스케이팅, 영광시대 저물었나? 맏형의 고백",2022-02-14
1276,"[힘내라 베이징] ‘여자 봅슬레이 개척자’ 김유란, 모노봅 18위로 마쳐",2022-02-14
1277,"여자 컬링, 미국에 6-8 패배…2연패로 공동 6위",2022-02-14
1278,"'시상대 슥슥' 차민규, '은메달 박탈 가능성' 中 매체 황당 주장",2022-02-14
1279,"[올림픽] '평점심 유지' 팀 킴…""윷놀이로 2연패 잊고 한일전 준비!""",2022-02-14
1280,"“유튜버냐, 짜증나서 채널 돌려”…이상화 반말·고성 해설 논란",2022-02-14
1281,봅슬레이 김유란 최종 18위 마감…美 험프리스 올림픽 최다 금메달,2022-02-14
1282,"팀 킴, 미국에 6-8 패...한일전 '연패 탈출' 목표 [올림픽 컬링]",2022-02-14
1283,여자컬링 '팀 킴' 미국에 져 2승3패… 오늘밤 한일전이 승부처,2022-02-14
1284,"""최민정, 인성도 금메달 급""…'삶 힘들다' 팬에게 위로 손편지",2022-02-14
1285,"미국에 패배한 여자컬링 팀킴, 2승3패 '6위'…밤 9시5분 한일전",2022-02-14
